testName	seed	initInt	finalInt	nCircles	rStart	rEnd	biasType	biasSigma	ampType	ampParam1	ampParam2	growRate	brightStep	ROIspacing	inSmall	inLarge	onBound	outAll	isNegative
GaussianTest	769	32.354	-7957.79	20	5	15	uniform	NaN	uniform	0	10	0.01	0.1	"1.1,1.1,1.1,1.1,1.1"	6	10	3	10	1
GaussianTest	770	1751.36	-22242.6	20	5	15	uniform	NaN	uniform	0	10	0.01	0.1	"1.1,1.1,1.1,1.1,1.1"	4	6	4	13	1
GaussianTest	771	622.877	6914.56	20	5	15	uniform	NaN	uniform	0	10	0.01	0.1	"1.1,1.1,1.1,1.1,1.1"	5	6	3	14	0
GaussianTest	772	-907.247	-25842.2	20	5	15	uniform	NaN	uniform	0	10	0.01	0.1	"1.1,1.1,1.1,1.1,1.1"	3	9	6	11	1
GaussianTest	773	-355.617	-44680.4	20	5	15	uniform	NaN	uniform	0	10	0.01	0.1	"1.1,1.1,1.1,1.1,1.1"	2	4	3	16	1
GaussianTest	774	1306.86	-7122.73	20	5	15	uniform	NaN	uniform	0	10	0.01	0.1	"1.1,1.1,1.1,1.1,1.1"	5	6	1	14	1
GaussianTest	775	-318.426	-47302.9	20	5	15	uniform	NaN	uniform	0	10	0.01	0.1	"1.1,1.1,1.1,1.1,1.1"	5	8	5	12	1
GaussianTest	776	-125.808	-57591.5	20	5	15	uniform	NaN	uniform	0	10	0.01	0.1	"1.1,1.1,1.1,1.1,1.1"	3	6	5	14	1
GaussianTest	777	543.193	-25681.7	20	5	15	uniform	NaN	uniform	0	10	0.01	0.1	"1.1,1.1,1.1,1.1,1.1"	4	5	0	15	1
GaussianTest	778	1068.65	-5833.68	20	5	15	uniform	NaN	uniform	0	10	0.01	0.1	"1.1,1.1,1.1,1.1,1.1"	5	7	4	13	1
GaussianTest	779	1493.95	20185.1	20	5	15	uniform	NaN	uniform	0	10	0.01	0.1	"1.1,1.1,1.1,1.1,1.1"	6	8	2	12	0
GaussianTest	780	180.557	-7126.21	20	5	15	uniform	NaN	uniform	0	10	0.01	0.1	"1.1,1.1,1.1,1.1,1.1"	3	5	2	15	1
GaussianTest	781	2633.97	-19946.1	20	5	15	uniform	NaN	uniform	0	10	0.01	0.1	"1.1,1.1,1.1,1.1,1.1"	5	8	3	12	1
GaussianTest	782	862.457	29456.4	20	5	15	uniform	NaN	uniform	0	10	0.01	0.1	"1.1,1.1,1.1,1.1,1.1"	5	8	2	12	0
GaussianTest	783	3960.75	83198.8	20	5	15	uniform	NaN	uniform	0	10	0.01	0.1	"1.1,1.1,1.1,1.1,1.1"	11	11	0	9	0
GaussianTest	784	1968.49	23996.1	20	5	15	uniform	NaN	uniform	0	10	0.01	0.1	"1.1,1.1,1.1,1.1,1.1"	5	7	2	13	0
GaussianTest	785	839.81	-21666.4	20	5	15	uniform	NaN	uniform	0	10	0.01	0.1	"1.1,1.1,1.1,1.1,1.1"	4	7	3	13	1
GaussianTest	786	3012.48	59661.3	20	5	15	uniform	NaN	uniform	0	10	0.01	0.1	"1.1,1.1,1.1,1.1,1.1"	9	10	2	10	0
GaussianTest	787	2536.23	60437.9	20	5	15	uniform	NaN	uniform	0	10	0.01	0.1	"1.1,1.1,1.1,1.1,1.1"	6	9	3	11	0
GaussianTest	788	1860.9	27735.7	20	5	15	uniform	NaN	uniform	0	10	0.01	0.1	"1.1,1.1,1.1,1.1,1.1"	4	5	1	15	0
GaussianTest	789	-1352.52	-78123.1	20	5	15	uniform	NaN	uniform	0	10	0.01	0.1	"1.1,1.1,1.1,1.1,1.1"	1	6	4	14	1
GaussianTest	790	148.075	-29677.2	20	5	15	uniform	NaN	uniform	0	10	0.01	0.1	"1.1,1.1,1.1,1.1,1.1"	3	7	3	13	1
GaussianTest	791	2257.58	-4002.1	20	5	15	uniform	NaN	uniform	0	10	0.01	0.1	"1.1,1.1,1.1,1.1,1.1"	5	6	0	14	1
GaussianTest	792	2208.75	42920.9	20	5	15	uniform	NaN	uniform	0	10	0.01	0.1	"1.1,1.1,1.1,1.1,1.1"	8	9	2	11	0
GaussianTest	793	-913.1	-47631.3	20	5	15	uniform	NaN	uniform	0	10	0.01	0.1	"1.1,1.1,1.1,1.1,1.1"	3	6	3	14	1
GaussianTest	794	-561.426	-33474.1	20	5	15	uniform	NaN	uniform	0	10	0.01	0.1	"1.1,1.1,1.1,1.1,1.1"	3	6	2	14	1
GaussianTest	795	2253.38	-28069.3	20	5	15	uniform	NaN	uniform	0	10	0.01	0.1	"1.1,1.1,1.1,1.1,1.1"	6	7	2	13	1
GaussianTest	796	1867.83	16442.4	20	5	15	uniform	NaN	uniform	0	10	0.01	0.1	"1.1,1.1,1.1,1.1,1.1"	7	10	1	10	0
GaussianTest	797	370.523	-15993.4	20	5	15	uniform	NaN	uniform	0	10	0.01	0.1	"1.1,1.1,1.1,1.1,1.1"	4	4	0	16	1
GaussianTest	798	-264.12	-55419.6	20	5	15	uniform	NaN	uniform	0	10	0.01	0.1	"1.1,1.1,1.1,1.1,1.1"	2	5	2	15	1
GaussianTest	799	-130.982	-54025.5	20	5	15	uniform	NaN	uniform	0	10	0.01	0.1	"1.1,1.1,1.1,1.1,1.1"	1	3	3	17	1
GaussianTest	800	974.362	-10733.1	20	5	15	uniform	NaN	uniform	0	10	0.01	0.1	"1.1,1.1,1.1,1.1,1.1"	5	7	2	13	1
GaussianTest	801	905.865	-33587.3	20	5	15	uniform	NaN	uniform	0	10	0.01	0.1	"1.1,1.1,1.1,1.1,1.1"	2	5	3	15	1
GaussianTest	802	631.667	3295.95	20	5	15	uniform	NaN	uniform	0	10	0.01	0.1	"1.1,1.1,1.1,1.1,1.1"	4	5	1	15	0
GaussianTest	803	1091.09	30875.4	20	5	15	uniform	NaN	uniform	0	10	0.01	0.1	"1.1,1.1,1.1,1.1,1.1"	4	5	2	15	0
GaussianTest	804	733.839	18345.7	20	5	15	uniform	NaN	uniform	0	10	0.01	0.1	"1.1,1.1,1.1,1.1,1.1"	5	7	1	13	0
GaussianTest	805	2919.57	31140.4	20	5	15	uniform	NaN	uniform	0	10	0.01	0.1	"1.1,1.1,1.1,1.1,1.1"	7	7	1	13	0
GaussianTest	806	1696.73	39092	20	5	15	uniform	NaN	uniform	0	10	0.01	0.1	"1.1,1.1,1.1,1.1,1.1"	5	7	2	13	0
GaussianTest	807	2407.06	10670	20	5	15	uniform	NaN	uniform	0	10	0.01	0.1	"1.1,1.1,1.1,1.1,1.1"	6	7	0	13	0
GaussianTest	808	280.632	-32537.3	20	5	15	uniform	NaN	uniform	0	10	0.01	0.1	"1.1,1.1,1.1,1.1,1.1"	6	8	2	12	1
GaussianTest	809	1387.95	41841.9	20	5	15	uniform	NaN	uniform	0	10	0.01	0.1	"1.1,1.1,1.1,1.1,1.1"	7	9	4	11	0
GaussianTest	810	1959.65	85744.5	20	5	15	uniform	NaN	uniform	0	10	0.01	0.1	"1.1,1.1,1.1,1.1,1.1"	5	7	1	13	0
GaussianTest	811	1702.25	1867.98	20	5	15	uniform	NaN	uniform	0	10	0.01	0.1	"1.1,1.1,1.1,1.1,1.1"	3	3	0	17	0
GaussianTest	812	-598.653	-21162.7	20	5	15	uniform	NaN	uniform	0	10	0.01	0.1	"1.1,1.1,1.1,1.1,1.1"	3	6	3	14	1
GaussianTest	813	626.633	-34912.2	20	5	15	uniform	NaN	uniform	0	10	0.01	0.1	"1.1,1.1,1.1,1.1,1.1"	3	4	1	16	1
GaussianTest	814	1760.4	-13713.5	20	5	15	uniform	NaN	uniform	0	10	0.01	0.1	"1.1,1.1,1.1,1.1,1.1"	3	5	2	15	1
GaussianTest	815	3345.99	23505.1	20	5	15	uniform	NaN	uniform	0	10	0.01	0.1	"1.1,1.1,1.1,1.1,1.1"	9	9	1	11	0
GaussianTest	816	-1716.46	-66518.1	20	5	15	uniform	NaN	uniform	0	10	0.01	0.1	"1.1,1.1,1.1,1.1,1.1"	3	8	5	12	1
GaussianTest	817	1192.35	46632.8	20	5	15	uniform	NaN	uniform	0	10	0.01	0.1	"1.1,1.1,1.1,1.1,1.1"	8	9	2	11	0
GaussianTest	818	345.334	-71141.4	20	5	15	uniform	NaN	uniform	0	10	0.01	0.1	"1.1,1.1,1.1,1.1,1.1"	2	3	0	17	1
GaussianTest	819	1337.51	22179.4	20	5	15	uniform	NaN	uniform	0	10	0.01	0.1	"1.1,1.1,1.1,1.1,1.1"	6	7	4	13	0
GaussianTest	820	685.944	28543	20	5	15	uniform	NaN	uniform	0	10	0.01	0.1	"1.1,1.1,1.1,1.1,1.1"	6	8	3	12	0
GaussianTest	821	697.852	-32407.1	20	5	15	uniform	NaN	uniform	0	10	0.01	0.1	"1.1,1.1,1.1,1.1,1.1"	5	6	1	14	1
GaussianTest	822	-3655.35	-53971.4	20	5	15	uniform	NaN	uniform	0	10	0.01	0.1	"1.1,1.1,1.1,1.1,1.1"	1	7	4	13	1
GaussianTest	823	1241.23	-10067.8	20	5	15	uniform	NaN	uniform	0	10	0.01	0.1	"1.1,1.1,1.1,1.1,1.1"	6	9	2	11	1
GaussianTest	824	776.288	-11464.1	20	5	15	uniform	NaN	uniform	0	10	0.01	0.1	"1.1,1.1,1.1,1.1,1.1"	7	12	5	8	1
GaussianTest	825	2324.9	27533.8	20	5	15	uniform	NaN	uniform	0	10	0.01	0.1	"1.1,1.1,1.1,1.1,1.1"	7	9	2	11	0
GaussianTest	826	1317.92	-4159.66	20	5	15	uniform	NaN	uniform	0	10	0.01	0.1	"1.1,1.1,1.1,1.1,1.1"	4	7	3	13	1
GaussianTest	827	1364.31	38711.5	20	5	15	uniform	NaN	uniform	0	10	0.01	0.1	"1.1,1.1,1.1,1.1,1.1"	7	7	1	13	0
GaussianTest	828	3960.49	88476	20	5	15	uniform	NaN	uniform	0	10	0.01	0.1	"1.1,1.1,1.1,1.1,1.1"	9	9	0	11	0
GaussianTest	829	-453.549	-1785.79	20	5	15	uniform	NaN	uniform	0	10	0.01	0.1	"1.1,1.1,1.1,1.1,1.1"	3	6	3	14	1
GaussianTest	830	3151.76	57623	20	5	15	uniform	NaN	uniform	0	10	0.01	0.1	"1.1,1.1,1.1,1.1,1.1"	5	6	1	14	0
GaussianTest	831	388.369	-2171.26	20	5	15	uniform	NaN	uniform	0	10	0.01	0.1	"1.1,1.1,1.1,1.1,1.1"	8	12	4	8	1
GaussianTest	832	2066.18	35650.5	20	5	15	uniform	NaN	uniform	0	10	0.01	0.1	"1.1,1.1,1.1,1.1,1.1"	6	8	1	12	0
GaussianTest	833	1309.76	23130.3	20	5	15	uniform	NaN	uniform	0	10	0.01	0.1	"1.1,1.1,1.1,1.1,1.1"	6	8	2	12	0
GaussianTest	834	1313.77	121.521	20	5	15	uniform	NaN	uniform	0	10	0.01	0.1	"1.1,1.1,1.1,1.1,1.1"	5	7	2	13	1
GaussianTest	835	1988.47	36303.5	20	5	15	uniform	NaN	uniform	0	10	0.01	0.1	"1.1,1.1,1.1,1.1,1.1"	6	7	1	13	0
GaussianTest	836	579.289	16481.8	20	5	15	uniform	NaN	uniform	0	10	0.01	0.1	"1.1,1.1,1.1,1.1,1.1"	4	6	0	14	0
GaussianTest	837	3028.52	26256.1	20	5	15	uniform	NaN	uniform	0	10	0.01	0.1	"1.1,1.1,1.1,1.1,1.1"	8	10	2	10	0
GaussianTest	838	1814.6	45129	20	5	15	uniform	NaN	uniform	0	10	0.01	0.1	"1.1,1.1,1.1,1.1,1.1"	6	7	1	13	0
GaussianTest	839	272.735	7410.97	20	5	15	uniform	NaN	uniform	0	10	0.01	0.1	"1.1,1.1,1.1,1.1,1.1"	4	6	4	14	0
GaussianTest	840	235.486	-4519.21	20	5	15	uniform	NaN	uniform	0	10	0.01	0.1	"1.1,1.1,1.1,1.1,1.1"	6	9	4	11	1
GaussianTest	841	3131.32	28292.6	20	5	15	uniform	NaN	uniform	0	10	0.01	0.1	"1.1,1.1,1.1,1.1,1.1"	7	7	0	13	0
GaussianTest	842	2152.81	-8401.33	20	5	15	uniform	NaN	uniform	0	10	0.01	0.1	"1.1,1.1,1.1,1.1,1.1"	11	12	3	8	1
GaussianTest	843	-319.435	-22405.5	20	5	15	uniform	NaN	uniform	0	10	0.01	0.1	"1.1,1.1,1.1,1.1,1.1"	2	5	4	15	1
GaussianTest	844	-453.969	-79585.3	20	5	15	uniform	NaN	uniform	0	10	0.01	0.1	"1.1,1.1,1.1,1.1,1.1"	3	6	5	14	1
GaussianTest	845	-1109.64	-58890.7	20	5	15	uniform	NaN	uniform	0	10	0.01	0.1	"1.1,1.1,1.1,1.1,1.1"	2	4	4	16	1
GaussianTest	846	820.714	-9071.43	20	5	15	uniform	NaN	uniform	0	10	0.01	0.1	"1.1,1.1,1.1,1.1,1.1"	4	5	1	15	1
GaussianTest	847	409.936	-532.623	20	5	15	uniform	NaN	uniform	0	10	0.01	0.1	"1.1,1.1,1.1,1.1,1.1"	4	6	1	14	1
GaussianTest	848	1903.52	-14517.2	20	5	15	uniform	NaN	uniform	0	10	0.01	0.1	"1.1,1.1,1.1,1.1,1.1"	3	3	1	17	1
GaussianTest	849	1744.02	14361.9	20	5	15	uniform	NaN	uniform	0	10	0.01	0.1	"1.1,1.1,1.1,1.1,1.1"	8	10	3	10	0
GaussianTest	850	523.146	-7467.96	20	5	15	uniform	NaN	uniform	0	10	0.01	0.1	"1.1,1.1,1.1,1.1,1.1"	5	9	6	11	1
GaussianTest	851	21.2216	-10981.4	20	5	15	uniform	NaN	uniform	0	10	0.01	0.1	"1.1,1.1,1.1,1.1,1.1"	3	5	2	15	1
GaussianTest	852	-226.936	-76124.1	20	5	15	uniform	NaN	uniform	0	10	0.01	0.1	"1.1,1.1,1.1,1.1,1.1"	3	7	3	13	1
GaussianTest	853	-203.285	-20715.6	20	5	15	uniform	NaN	uniform	0	10	0.01	0.1	"1.1,1.1,1.1,1.1,1.1"	2	6	4	14	1
GaussianTest	854	226.55	-4350.32	20	5	15	uniform	NaN	uniform	0	10	0.01	0.1	"1.1,1.1,1.1,1.1,1.1"	4	6	2	14	1
GaussianTest	855	1157.58	9628.04	20	5	15	uniform	NaN	uniform	0	10	0.01	0.1	"1.1,1.1,1.1,1.1,1.1"	3	4	1	16	0
GaussianTest	856	328.006	-26244.4	20	5	15	uniform	NaN	uniform	0	10	0.01	0.1	"1.1,1.1,1.1,1.1,1.1"	3	8	5	12	1
GaussianTest	857	4432.74	78620	20	5	15	uniform	NaN	uniform	0	10	0.01	0.1	"1.1,1.1,1.1,1.1,1.1"	10	13	1	7	0
GaussianTest	858	842.183	19103.7	20	5	15	uniform	NaN	uniform	0	10	0.01	0.1	"1.1,1.1,1.1,1.1,1.1"	7	9	3	11	0
GaussianTest	859	641.056	-32651.7	20	5	15	uniform	NaN	uniform	0	10	0.01	0.1	"1.1,1.1,1.1,1.1,1.1"	3	5	2	15	1
GaussianTest	860	2045.09	21159.9	20	5	15	uniform	NaN	uniform	0	10	0.01	0.1	"1.1,1.1,1.1,1.1,1.1"	6	7	2	13	0
GaussianTest	861	919.227	16599	20	5	15	uniform	NaN	uniform	0	10	0.01	0.1	"1.1,1.1,1.1,1.1,1.1"	5	8	3	12	0
GaussianTest	862	1033.99	-36582.8	20	5	15	uniform	NaN	uniform	0	10	0.01	0.1	"1.1,1.1,1.1,1.1,1.1"	3	4	1	16	1
GaussianTest	863	1017.4	51927.5	20	5	15	uniform	NaN	uniform	0	10	0.01	0.1	"1.1,1.1,1.1,1.1,1.1"	7	11	3	9	0
GaussianTest	864	2377.86	22051.4	20	5	15	uniform	NaN	uniform	0	10	0.01	0.1	"1.1,1.1,1.1,1.1,1.1"	6	7	2	13	0
GaussianTest	865	1663.42	28499.2	20	5	15	uniform	NaN	uniform	0	10	0.01	0.1	"1.1,1.1,1.1,1.1,1.1"	6	8	1	12	0
GaussianTest	866	1856.23	5469.75	20	5	15	uniform	NaN	uniform	0	10	0.01	0.1	"1.1,1.1,1.1,1.1,1.1"	6	7	1	13	0
GaussianTest	867	1789.74	55758.2	20	5	15	uniform	NaN	uniform	0	10	0.01	0.1	"1.1,1.1,1.1,1.1,1.1"	6	7	1	13	0
GaussianTest	868	1858.56	-24200.8	20	5	15	uniform	NaN	uniform	0	10	0.01	0.1	"1.1,1.1,1.1,1.1,1.1"	6	6	0	14	1
GaussianTest	870	7768.73	121832	20	5	15	gaussian	10	uniform	0	10	0.01	0.1	"1.1,1.1,1.1,1.1,1.1"	20	20	0	0	0
GaussianTest	871	7819.07	148156	20	5	15	gaussian	10	uniform	0	10	0.01	0.1	"1.1,1.1,1.1,1.1,1.1"	20	20	0	0	0
GaussianTest	872	9249.46	127493	20	5	15	gaussian	10	uniform	0	10	0.01	0.1	"1.1,1.1,1.1,1.1,1.1"	19	19	0	1	0
GaussianTest	873	8449.29	134416	20	5	15	gaussian	10	uniform	0	10	0.01	0.1	"1.1,1.1,1.1,1.1,1.1"	20	20	0	0	0
GaussianTest	874	8394.4	158320	20	5	15	gaussian	10	uniform	0	10	0.01	0.1	"1.1,1.1,1.1,1.1,1.1"	20	20	0	0	0
GaussianTest	875	7784.49	120099	20	5	15	gaussian	10	uniform	0	10	0.01	0.1	"1.1,1.1,1.1,1.1,1.1"	20	20	0	0	0
GaussianTest	876	7686.03	131284	20	5	15	gaussian	10	uniform	0	10	0.01	0.1	"1.1,1.1,1.1,1.1,1.1"	20	20	0	0	0
GaussianTest	877	7026.18	119290	20	5	15	gaussian	10	uniform	0	10	0.01	0.1	"1.1,1.1,1.1,1.1,1.1"	19	20	1	0	0
GaussianTest	878	7675.12	136694	20	5	15	gaussian	10	uniform	0	10	0.01	0.1	"1.1,1.1,1.1,1.1,1.1"	20	20	0	0	0
GaussianTest	879	7843.1	161065	20	5	15	gaussian	10	uniform	0	10	0.01	0.1	"1.1,1.1,1.1,1.1,1.1"	20	20	0	0	0
GaussianTest	880	6306.95	127495	20	5	15	gaussian	10	uniform	0	10	0.01	0.1	"1.1,1.1,1.1,1.1,1.1"	19	19	0	1	0
GaussianTest	881	5294.35	99415.3	20	5	15	gaussian	10	uniform	0	10	0.01	0.1	"1.1,1.1,1.1,1.1,1.1"	18	20	1	0	0
GaussianTest	882	8213.32	153079	20	5	15	gaussian	10	uniform	0	10	0.01	0.1	"1.1,1.1,1.1,1.1,1.1"	20	20	0	0	0
GaussianTest	883	9191.24	150546	20	5	15	gaussian	10	uniform	0	10	0.01	0.1	"1.1,1.1,1.1,1.1,1.1"	20	20	1	0	0
GaussianTest	884	8203.63	120572	20	5	15	gaussian	10	uniform	0	10	0.01	0.1	"1.1,1.1,1.1,1.1,1.1"	19	20	1	0	0
GaussianTest	885	8792.98	150860	20	5	15	gaussian	10	uniform	0	10	0.01	0.1	"1.1,1.1,1.1,1.1,1.1"	20	20	0	0	0
GaussianTest	886	6347.54	129924	20	5	15	gaussian	10	uniform	0	10	0.01	0.1	"1.1,1.1,1.1,1.1,1.1"	19	19	1	1	0
GaussianTest	887	7555.53	126393	20	5	15	gaussian	10	uniform	0	10	0.01	0.1	"1.1,1.1,1.1,1.1,1.1"	20	20	0	0	0
GaussianTest	888	7059.78	164240	20	5	15	gaussian	10	uniform	0	10	0.01	0.1	"1.1,1.1,1.1,1.1,1.1"	20	20	0	0	0
GaussianTest	889	7792.06	117091	20	5	15	gaussian	10	uniform	0	10	0.01	0.1	"1.1,1.1,1.1,1.1,1.1"	19	20	1	0	0
GaussianTest	890	6379.39	114223	20	5	15	gaussian	10	uniform	0	10	0.01	0.1	"1.1,1.1,1.1,1.1,1.1"	20	20	0	0	0
GaussianTest	891	7512.14	108032	20	5	15	gaussian	10	uniform	0	10	0.01	0.1	"1.1,1.1,1.1,1.1,1.1"	19	20	1	0	0
GaussianTest	892	9116.48	146507	20	5	15	gaussian	10	uniform	0	10	0.01	0.1	"1.1,1.1,1.1,1.1,1.1"	20	20	0	0	0
GaussianTest	893	6976.48	102038	20	5	15	gaussian	10	uniform	0	10	0.01	0.1	"1.1,1.1,1.1,1.1,1.1"	19	20	2	0	0
GaussianTest	894	7716.44	129370	20	5	15	gaussian	10	uniform	0	10	0.01	0.1	"1.1,1.1,1.1,1.1,1.1"	20	20	0	0	0
GaussianTest	895	6319.01	136612	20	5	15	gaussian	10	uniform	0	10	0.01	0.1	"1.1,1.1,1.1,1.1,1.1"	19	20	1	0	0
GaussianTest	896	5260.15	110235	20	5	15	gaussian	10	uniform	0	10	0.01	0.1	"1.1,1.1,1.1,1.1,1.1"	19	19	0	1	0
GaussianTest	897	7083.9	145310	20	5	15	gaussian	10	uniform	0	10	0.01	0.1	"1.1,1.1,1.1,1.1,1.1"	20	20	0	0	0
GaussianTest	898	7909.44	138689	20	5	15	gaussian	10	uniform	0	10	0.01	0.1	"1.1,1.1,1.1,1.1,1.1"	20	20	0	0	0
GaussianTest	899	8666.56	130827	20	5	15	gaussian	10	uniform	0	10	0.01	0.1	"1.1,1.1,1.1,1.1,1.1"	20	20	0	0	0
GaussianTest	900	8073.79	132167	20	5	15	gaussian	10	uniform	0	10	0.01	0.1	"1.1,1.1,1.1,1.1,1.1"	20	20	0	0	0
GaussianTest	901	6532.58	102513	20	5	15	gaussian	10	uniform	0	10	0.01	0.1	"1.1,1.1,1.1,1.1,1.1"	19	19	0	1	0
GaussianTest	902	7580.38	123175	20	5	15	gaussian	10	uniform	0	10	0.01	0.1	"1.1,1.1,1.1,1.1,1.1"	19	20	1	0	0
GaussianTest	903	8898.47	162456	20	5	15	gaussian	10	uniform	0	10	0.01	0.1	"1.1,1.1,1.1,1.1,1.1"	20	20	0	0	0
GaussianTest	904	8168.67	142499	20	5	15	gaussian	10	uniform	0	10	0.01	0.1	"1.1,1.1,1.1,1.1,1.1"	20	20	0	0	0
GaussianTest	905	5714.81	125127	20	5	15	gaussian	10	uniform	0	10	0.01	0.1	"1.1,1.1,1.1,1.1,1.1"	19	19	0	1	0
GaussianTest	906	7487.7	126370	20	5	15	gaussian	10	uniform	0	10	0.01	0.1	"1.1,1.1,1.1,1.1,1.1"	19	20	1	0	0
GaussianTest	907	7954.92	132849	20	5	15	gaussian	10	uniform	0	10	0.01	0.1	"1.1,1.1,1.1,1.1,1.1"	20	20	0	0	0
GaussianTest	908	9093.98	155622	20	5	15	gaussian	10	uniform	0	10	0.01	0.1	"1.1,1.1,1.1,1.1,1.1"	20	20	0	0	0
GaussianTest	909	7157.58	143373	20	5	15	gaussian	10	uniform	0	10	0.01	0.1	"1.1,1.1,1.1,1.1,1.1"	20	20	0	0	0
GaussianTest	910	7387.43	133666	20	5	15	gaussian	10	uniform	0	10	0.01	0.1	"1.1,1.1,1.1,1.1,1.1"	19	20	1	0	0
GaussianTest	911	9702.32	160149	20	5	15	gaussian	10	uniform	0	10	0.01	0.1	"1.1,1.1,1.1,1.1,1.1"	20	20	0	0	0
GaussianTest	912	5679.69	115056	20	5	15	gaussian	10	uniform	0	10	0.01	0.1	"1.1,1.1,1.1,1.1,1.1"	19	19	0	1	0
GaussianTest	913	9820.35	167383	20	5	15	gaussian	10	uniform	0	10	0.01	0.1	"1.1,1.1,1.1,1.1,1.1"	20	20	0	0	0
GaussianTest	914	7512.48	125191	20	5	15	gaussian	10	uniform	0	10	0.01	0.1	"1.1,1.1,1.1,1.1,1.1"	20	20	0	0	0
GaussianTest	915	7944.26	145836	20	5	15	gaussian	10	uniform	0	10	0.01	0.1	"1.1,1.1,1.1,1.1,1.1"	19	19	0	1	0
GaussianTest	916	6788.65	147776	20	5	15	gaussian	10	uniform	0	10	0.01	0.1	"1.1,1.1,1.1,1.1,1.1"	20	20	0	0	0
GaussianTest	917	7220.68	104180	20	5	15	gaussian	10	uniform	0	10	0.01	0.1	"1.1,1.1,1.1,1.1,1.1"	18	19	0	1	0
GaussianTest	918	8571.14	140750	20	5	15	gaussian	10	uniform	0	10	0.01	0.1	"1.1,1.1,1.1,1.1,1.1"	20	20	0	0	0
GaussianTest	919	7358.31	125403	20	5	15	gaussian	10	uniform	0	10	0.01	0.1	"1.1,1.1,1.1,1.1,1.1"	19	20	1	0	0
GaussianTest	920	6187	114599	20	5	15	gaussian	10	uniform	0	10	0.01	0.1	"1.1,1.1,1.1,1.1,1.1"	20	20	0	0	0
GaussianTest	921	8343.04	140096	20	5	15	gaussian	10	uniform	0	10	0.01	0.1	"1.1,1.1,1.1,1.1,1.1"	19	20	1	0	0
GaussianTest	922	7659.08	146510	20	5	15	gaussian	10	uniform	0	10	0.01	0.1	"1.1,1.1,1.1,1.1,1.1"	20	20	0	0	0
GaussianTest	923	9758.23	144631	20	5	15	gaussian	10	uniform	0	10	0.01	0.1	"1.1,1.1,1.1,1.1,1.1"	20	20	1	0	0
GaussianTest	924	5931.34	121482	20	5	15	gaussian	10	uniform	0	10	0.01	0.1	"1.1,1.1,1.1,1.1,1.1"	19	20	1	0	0
GaussianTest	925	9141.74	135676	20	5	15	gaussian	10	uniform	0	10	0.01	0.1	"1.1,1.1,1.1,1.1,1.1"	19	20	1	0	0
GaussianTest	926	6643.87	114273	20	5	15	gaussian	10	uniform	0	10	0.01	0.1	"1.1,1.1,1.1,1.1,1.1"	18	19	1	1	0
GaussianTest	927	7751.46	138920	20	5	15	gaussian	10	uniform	0	10	0.01	0.1	"1.1,1.1,1.1,1.1,1.1"	20	20	0	0	0
GaussianTest	928	6540.46	85059	20	5	15	gaussian	10	uniform	0	10	0.01	0.1	"1.1,1.1,1.1,1.1,1.1"	18	20	2	0	0
GaussianTest	929	8560.56	159686	20	5	15	gaussian	10	uniform	0	10	0.01	0.1	"1.1,1.1,1.1,1.1,1.1"	20	20	0	0	0
GaussianTest	930	6297.97	124274	20	5	15	gaussian	10	uniform	0	10	0.01	0.1	"1.1,1.1,1.1,1.1,1.1"	18	20	2	0	0
GaussianTest	931	7674.98	114144	20	5	15	gaussian	10	uniform	0	10	0.01	0.1	"1.1,1.1,1.1,1.1,1.1"	19	19	0	1	0
GaussianTest	932	8739.48	174386	20	5	15	gaussian	10	uniform	0	10	0.01	0.1	"1.1,1.1,1.1,1.1,1.1"	20	20	0	0	0
GaussianTest	933	9563.01	141780	20	5	15	gaussian	10	uniform	0	10	0.01	0.1	"1.1,1.1,1.1,1.1,1.1"	20	20	0	0	0
GaussianTest	934	7067.36	113999	20	5	15	gaussian	10	uniform	0	10	0.01	0.1	"1.1,1.1,1.1,1.1,1.1"	19	20	1	0	0
GaussianTest	935	8068.36	118399	20	5	15	gaussian	10	uniform	0	10	0.01	0.1	"1.1,1.1,1.1,1.1,1.1"	20	20	0	0	0
GaussianTest	936	5025.16	142622	20	5	15	gaussian	10	uniform	0	10	0.01	0.1	"1.1,1.1,1.1,1.1,1.1"	20	20	0	0	0
GaussianTest	937	8573.14	103299	20	5	15	gaussian	10	uniform	0	10	0.01	0.1	"1.1,1.1,1.1,1.1,1.1"	19	20	1	0	0
GaussianTest	938	7349.23	126024	20	5	15	gaussian	10	uniform	0	10	0.01	0.1	"1.1,1.1,1.1,1.1,1.1"	20	20	0	0	0
GaussianTest	939	8546.51	130546	20	5	15	gaussian	10	uniform	0	10	0.01	0.1	"1.1,1.1,1.1,1.1,1.1"	20	20	0	0	0
GaussianTest	940	8034.27	136173	20	5	15	gaussian	10	uniform	0	10	0.01	0.1	"1.1,1.1,1.1,1.1,1.1"	20	20	0	0	0
GaussianTest	941	6186.62	117422	20	5	15	gaussian	10	uniform	0	10	0.01	0.1	"1.1,1.1,1.1,1.1,1.1"	19	20	1	0	0
GaussianTest	942	6071.96	115008	20	5	15	gaussian	10	uniform	0	10	0.01	0.1	"1.1,1.1,1.1,1.1,1.1"	18	20	1	0	0
GaussianTest	943	9373.48	144147	20	5	15	gaussian	10	uniform	0	10	0.01	0.1	"1.1,1.1,1.1,1.1,1.1"	20	20	0	0	0
GaussianTest	944	6505.31	99003.2	20	5	15	gaussian	10	uniform	0	10	0.01	0.1	"1.1,1.1,1.1,1.1,1.1"	19	20	1	0	0
GaussianTest	945	4512.1	85624.7	20	5	15	gaussian	10	uniform	0	10	0.01	0.1	"1.1,1.1,1.1,1.1,1.1"	19	20	1	0	0
GaussianTest	946	5221.22	136088	20	5	15	gaussian	10	uniform	0	10	0.01	0.1	"1.1,1.1,1.1,1.1,1.1"	19	20	1	0	0
GaussianTest	947	8523.87	125680	20	5	15	gaussian	10	uniform	0	10	0.01	0.1	"1.1,1.1,1.1,1.1,1.1"	20	20	0	0	0
GaussianTest	948	7570.48	100139	20	5	15	gaussian	10	uniform	0	10	0.01	0.1	"1.1,1.1,1.1,1.1,1.1"	18	20	2	0	0
GaussianTest	949	9299.61	140124	20	5	15	gaussian	10	uniform	0	10	0.01	0.1	"1.1,1.1,1.1,1.1,1.1"	20	20	0	0	0
GaussianTest	950	8794.55	129148	20	5	15	gaussian	10	uniform	0	10	0.01	0.1	"1.1,1.1,1.1,1.1,1.1"	20	20	0	0	0
GaussianTest	951	5313.24	99334.9	20	5	15	gaussian	10	uniform	0	10	0.01	0.1	"1.1,1.1,1.1,1.1,1.1"	19	20	1	0	0
GaussianTest	952	7781.52	142252	20	5	15	gaussian	10	uniform	0	10	0.01	0.1	"1.1,1.1,1.1,1.1,1.1"	20	20	0	0	0
GaussianTest	953	7613.88	128610	20	5	15	gaussian	10	uniform	0	10	0.01	0.1	"1.1,1.1,1.1,1.1,1.1"	20	20	0	0	0
GaussianTest	954	8049.68	150720	20	5	15	gaussian	10	uniform	0	10	0.01	0.1	"1.1,1.1,1.1,1.1,1.1"	20	20	0	0	0
GaussianTest	955	8886.16	162046	20	5	15	gaussian	10	uniform	0	10	0.01	0.1	"1.1,1.1,1.1,1.1,1.1"	20	20	0	0	0
GaussianTest	956	6633.91	140025	20	5	15	gaussian	10	uniform	0	10	0.01	0.1	"1.1,1.1,1.1,1.1,1.1"	20	20	0	0	0
GaussianTest	957	5181.47	96693.7	20	5	15	gaussian	10	uniform	0	10	0.01	0.1	"1.1,1.1,1.1,1.1,1.1"	19	19	2	1	0
GaussianTest	958	7932	172693	20	5	15	gaussian	10	uniform	0	10	0.01	0.1	"1.1,1.1,1.1,1.1,1.1"	20	20	0	0	0
GaussianTest	959	8190.49	133235	20	5	15	gaussian	10	uniform	0	10	0.01	0.1	"1.1,1.1,1.1,1.1,1.1"	19	20	1	0	0
GaussianTest	960	8081.19	151483	20	5	15	gaussian	10	uniform	0	10	0.01	0.1	"1.1,1.1,1.1,1.1,1.1"	20	20	0	0	0
GaussianTest	961	6194.9	158173	20	5	15	gaussian	10	uniform	0	10	0.01	0.1	"1.1,1.1,1.1,1.1,1.1"	20	20	0	0	0
GaussianTest	962	10740.5	151287	20	5	15	gaussian	10	uniform	0	10	0.01	0.1	"1.1,1.1,1.1,1.1,1.1"	20	20	0	0	0
GaussianTest	963	10961.9	147557	20	5	15	gaussian	10	uniform	0	10	0.01	0.1	"1.1,1.1,1.1,1.1,1.1"	20	20	0	0	0
GaussianTest	964	7793.22	109891	20	5	15	gaussian	10	uniform	0	10	0.01	0.1	"1.1,1.1,1.1,1.1,1.1"	19	20	1	0	0
GaussianTest	965	6832.73	132841	20	5	15	gaussian	10	uniform	0	10	0.01	0.1	"1.1,1.1,1.1,1.1,1.1"	20	20	0	0	0
GaussianTest	966	7724.66	133041	20	5	15	gaussian	10	uniform	0	10	0.01	0.1	"1.1,1.1,1.1,1.1,1.1"	20	20	0	0	0
GaussianTest	967	6279.25	137540	20	5	15	gaussian	10	uniform	0	10	0.01	0.1	"1.1,1.1,1.1,1.1,1.1"	20	20	0	0	0
GaussianTest	968	6022.52	119222	20	5	15	gaussian	10	uniform	0	10	0.01	0.1	"1.1,1.1,1.1,1.1,1.1"	20	20	0	0	0
GaussianTest	969	8897.35	159057	20	5	15	gaussian	10	uniform	0	10	0.01	0.1	"1.1,1.1,1.1,1.1,1.1"	20	20	0	0	0
GaussianTest	880	3442.51	55188.3	20	5	15	gaussian	20	uniform	0	10	0.01	0.1	"1.1,1.1,1.1,1.1,1.1"	13	15	2	5	0
GaussianTest	881	2154.08	74713.6	20	5	15	gaussian	20	uniform	0	10	0.01	0.1	"1.1,1.1,1.1,1.1,1.1"	10	12	3	8	0
GaussianTest	882	-32.9209	63484.2	20	5	15	gaussian	20	uniform	0	10	0.01	0.1	"1.1,1.1,1.1,1.1,1.1"	12	15	5	5	0
GaussianTest	883	-2142.24	-40989.2	20	5	15	gaussian	20	uniform	0	10	0.01	0.1	"1.1,1.1,1.1,1.1,1.1"	8	16	7	4	1
GaussianTest	884	4190.01	63917	20	5	15	gaussian	20	uniform	0	10	0.01	0.1	"1.1,1.1,1.1,1.1,1.1"	13	15	2	5	0
GaussianTest	885	1973.93	29668.2	20	5	15	gaussian	20	uniform	0	10	0.01	0.1	"1.1,1.1,1.1,1.1,1.1"	12	15	4	5	0
GaussianTest	886	2245.2	34560.4	20	5	15	gaussian	20	uniform	0	10	0.01	0.1	"1.1,1.1,1.1,1.1,1.1"	11	15	4	5	0
GaussianTest	887	4711.34	64972.4	20	5	15	gaussian	20	uniform	0	10	0.01	0.1	"1.1,1.1,1.1,1.1,1.1"	17	19	2	1	0
GaussianTest	888	716.984	50912.8	20	5	15	gaussian	20	uniform	0	10	0.01	0.1	"1.1,1.1,1.1,1.1,1.1"	12	15	4	5	0
GaussianTest	889	1883.48	44894.4	20	5	15	gaussian	20	uniform	0	10	0.01	0.1	"1.1,1.1,1.1,1.1,1.1"	10	13	3	7	0
GaussianTest	890	6669.11	105790	20	5	15	gaussian	20	uniform	0	10	0.01	0.1	"1.1,1.1,1.1,1.1,1.1"	16	16	0	4	0
GaussianTest	891	4064.42	64343.3	20	5	15	gaussian	20	uniform	0	10	0.01	0.1	"1.1,1.1,1.1,1.1,1.1"	14	16	3	4	0
GaussianTest	892	4521.83	43271.4	20	5	15	gaussian	20	uniform	0	10	0.01	0.1	"1.1,1.1,1.1,1.1,1.1"	12	15	3	5	0
GaussianTest	893	2785.42	60259.1	20	5	15	gaussian	20	uniform	0	10	0.01	0.1	"1.1,1.1,1.1,1.1,1.1"	11	13	2	7	0
GaussianTest	894	3981.8	73451.3	20	5	15	gaussian	20	uniform	0	10	0.01	0.1	"1.1,1.1,1.1,1.1,1.1"	14	16	2	4	0
GaussianTest	895	450.609	38117.7	20	5	15	gaussian	20	uniform	0	10	0.01	0.1	"1.1,1.1,1.1,1.1,1.1"	11	14	3	6	0
GaussianTest	896	1893.69	32552.4	20	5	15	gaussian	20	uniform	0	10	0.01	0.1	"1.1,1.1,1.1,1.1,1.1"	9	12	3	8	0
GaussianTest	897	1426.24	54053	20	5	15	gaussian	20	uniform	0	10	0.01	0.1	"1.1,1.1,1.1,1.1,1.1"	13	18	6	2	0
GaussianTest	898	3429.7	69198	20	5	15	gaussian	20	uniform	0	10	0.01	0.1	"1.1,1.1,1.1,1.1,1.1"	12	15	3	5	0
GaussianTest	899	3429.58	40315.7	20	5	15	gaussian	20	uniform	0	10	0.01	0.1	"1.1,1.1,1.1,1.1,1.1"	13	16	2	4	0
GaussianTest	900	4782.46	72924.8	20	5	15	gaussian	20	uniform	0	10	0.01	0.1	"1.1,1.1,1.1,1.1,1.1"	15	17	3	3	0
GaussianTest	901	4812.9	80353.3	20	5	15	gaussian	20	uniform	0	10	0.01	0.1	"1.1,1.1,1.1,1.1,1.1"	14	16	2	4	0
GaussianTest	902	2430.16	25294.1	20	5	15	gaussian	20	uniform	0	10	0.01	0.1	"1.1,1.1,1.1,1.1,1.1"	10	14	4	6	0
GaussianTest	903	4482.02	35381	20	5	15	gaussian	20	uniform	0	10	0.01	0.1	"1.1,1.1,1.1,1.1,1.1"	14	16	4	4	0
GaussianTest	904	3461.48	52733.2	20	5	15	gaussian	20	uniform	0	10	0.01	0.1	"1.1,1.1,1.1,1.1,1.1"	13	15	3	5	0
GaussianTest	905	1978.73	57569	20	5	15	gaussian	20	uniform	0	10	0.01	0.1	"1.1,1.1,1.1,1.1,1.1"	11	13	2	7	0
GaussianTest	906	4356.27	55226.7	20	5	15	gaussian	20	uniform	0	10	0.01	0.1	"1.1,1.1,1.1,1.1,1.1"	13	14	3	6	0
GaussianTest	907	2185.07	44824.1	20	5	15	gaussian	20	uniform	0	10	0.01	0.1	"1.1,1.1,1.1,1.1,1.1"	12	15	4	5	0
GaussianTest	908	1285.85	11257.9	20	5	15	gaussian	20	uniform	0	10	0.01	0.1	"1.1,1.1,1.1,1.1,1.1"	10	15	5	5	0
GaussianTest	909	4654.39	61982.2	20	5	15	gaussian	20	uniform	0	10	0.01	0.1	"1.1,1.1,1.1,1.1,1.1"	14	16	2	4	0
GaussianTest	910	1320.94	40046.7	20	5	15	gaussian	20	uniform	0	10	0.01	0.1	"1.1,1.1,1.1,1.1,1.1"	10	13	4	7	0
GaussianTest	911	1267.94	36380.2	20	5	15	gaussian	20	uniform	0	10	0.01	0.1	"1.1,1.1,1.1,1.1,1.1"	13	17	4	3	0
GaussianTest	912	3239.57	79760.4	20	5	15	gaussian	20	uniform	0	10	0.01	0.1	"1.1,1.1,1.1,1.1,1.1"	14	15	1	5	0
GaussianTest	913	962.7	27648.1	20	5	15	gaussian	20	uniform	0	10	0.01	0.1	"1.1,1.1,1.1,1.1,1.1"	11	16	6	4	0
GaussianTest	914	2217.59	87315.3	20	5	15	gaussian	20	uniform	0	10	0.01	0.1	"1.1,1.1,1.1,1.1,1.1"	12	15	2	5	0
GaussianTest	915	1027.94	56963.5	20	5	15	gaussian	20	uniform	0	10	0.01	0.1	"1.1,1.1,1.1,1.1,1.1"	12	16	5	4	0
GaussianTest	916	2172.64	10583.2	20	5	15	gaussian	20	uniform	0	10	0.01	0.1	"1.1,1.1,1.1,1.1,1.1"	11	15	4	5	0
GaussianTest	917	1457.11	2134.4	20	5	15	gaussian	20	uniform	0	10	0.01	0.1	"1.1,1.1,1.1,1.1,1.1"	7	11	4	9	0
GaussianTest	918	1509.58	13415.1	20	5	15	gaussian	20	uniform	0	10	0.01	0.1	"1.1,1.1,1.1,1.1,1.1"	9	13	4	7	0
GaussianTest	919	809.832	28839.2	20	5	15	gaussian	20	uniform	0	10	0.01	0.1	"1.1,1.1,1.1,1.1,1.1"	9	14	5	6	0
GaussianTest	920	1167.26	46759.6	20	5	15	gaussian	20	uniform	0	10	0.01	0.1	"1.1,1.1,1.1,1.1,1.1"	9	14	4	6	0
GaussianTest	921	4467.89	47752.1	20	5	15	gaussian	20	uniform	0	10	0.01	0.1	"1.1,1.1,1.1,1.1,1.1"	12	13	1	7	0
GaussianTest	922	2973.88	35037.4	20	5	15	gaussian	20	uniform	0	10	0.01	0.1	"1.1,1.1,1.1,1.1,1.1"	12	14	2	6	0
GaussianTest	923	796.237	30740.5	20	5	15	gaussian	20	uniform	0	10	0.01	0.1	"1.1,1.1,1.1,1.1,1.1"	10	15	5	5	0
GaussianTest	924	3862.99	56215	20	5	15	gaussian	20	uniform	0	10	0.01	0.1	"1.1,1.1,1.1,1.1,1.1"	12	13	2	7	0
GaussianTest	925	4043.68	61234.3	20	5	15	gaussian	20	uniform	0	10	0.01	0.1	"1.1,1.1,1.1,1.1,1.1"	10	13	2	7	0
GaussianTest	926	2610.51	-5212.51	20	5	15	gaussian	20	uniform	0	10	0.01	0.1	"1.1,1.1,1.1,1.1,1.1"	9	11	2	9	1
GaussianTest	927	3838.73	63153.2	20	5	15	gaussian	20	uniform	0	10	0.01	0.1	"1.1,1.1,1.1,1.1,1.1"	13	15	3	5	0
GaussianTest	928	4582.32	74102.8	20	5	15	gaussian	20	uniform	0	10	0.01	0.1	"1.1,1.1,1.1,1.1,1.1"	9	12	3	8	0
GaussianTest	929	498.012	4201.99	20	5	15	gaussian	20	uniform	0	10	0.01	0.1	"1.1,1.1,1.1,1.1,1.1"	10	14	3	6	0
GaussianTest	930	3370.61	27524.7	20	5	15	gaussian	20	uniform	0	10	0.01	0.1	"1.1,1.1,1.1,1.1,1.1"	12	12	0	8	0
GaussianTest	931	5580.28	88522	20	5	15	gaussian	20	uniform	0	10	0.01	0.1	"1.1,1.1,1.1,1.1,1.1"	16	17	1	3	0
GaussianTest	932	2040.5	6702.09	20	5	15	gaussian	20	uniform	0	10	0.01	0.1	"1.1,1.1,1.1,1.1,1.1"	10	17	7	3	0
GaussianTest	933	5182.74	55021.1	20	5	15	gaussian	20	uniform	0	10	0.01	0.1	"1.1,1.1,1.1,1.1,1.1"	15	17	3	3	0
GaussianTest	934	1064.39	-10715.9	20	5	15	gaussian	20	uniform	0	10	0.01	0.1	"1.1,1.1,1.1,1.1,1.1"	8	11	5	9	1
GaussianTest	935	4833.67	102245	20	5	15	gaussian	20	uniform	0	10	0.01	0.1	"1.1,1.1,1.1,1.1,1.1"	14	15	1	5	0
GaussianTest	936	3694.47	81111.5	20	5	15	gaussian	20	uniform	0	10	0.01	0.1	"1.1,1.1,1.1,1.1,1.1"	14	18	4	2	0
GaussianTest	937	3219.6	28673	20	5	15	gaussian	20	uniform	0	10	0.01	0.1	"1.1,1.1,1.1,1.1,1.1"	11	12	2	8	0
GaussianTest	938	2490.85	26619	20	5	15	gaussian	20	uniform	0	10	0.01	0.1	"1.1,1.1,1.1,1.1,1.1"	9	14	6	6	0
GaussianTest	939	1689.56	39953.4	20	5	15	gaussian	20	uniform	0	10	0.01	0.1	"1.1,1.1,1.1,1.1,1.1"	13	17	4	3	0
GaussianTest	940	3853.28	85553.9	20	5	15	gaussian	20	uniform	0	10	0.01	0.1	"1.1,1.1,1.1,1.1,1.1"	13	14	2	6	0
GaussianTest	941	3452.39	59897.8	20	5	15	gaussian	20	uniform	0	10	0.01	0.1	"1.1,1.1,1.1,1.1,1.1"	11	14	3	6	0
GaussianTest	942	3999.12	41564.7	20	5	15	gaussian	20	uniform	0	10	0.01	0.1	"1.1,1.1,1.1,1.1,1.1"	11	14	3	6	0
GaussianTest	943	6085.91	52538.2	20	5	15	gaussian	20	uniform	0	10	0.01	0.1	"1.1,1.1,1.1,1.1,1.1"	13	13	0	7	0
GaussianTest	944	2570.99	25830.6	20	5	15	gaussian	20	uniform	0	10	0.01	0.1	"1.1,1.1,1.1,1.1,1.1"	9	11	2	9	0
GaussianTest	945	4179.02	72068.6	20	5	15	gaussian	20	uniform	0	10	0.01	0.1	"1.1,1.1,1.1,1.1,1.1"	11	13	2	7	0
GaussianTest	946	2740.66	37241.8	20	5	15	gaussian	20	uniform	0	10	0.01	0.1	"1.1,1.1,1.1,1.1,1.1"	14	18	3	2	0
GaussianTest	947	1439.89	26021.8	20	5	15	gaussian	20	uniform	0	10	0.01	0.1	"1.1,1.1,1.1,1.1,1.1"	7	9	2	11	0
GaussianTest	948	-441.117	20866.1	20	5	15	gaussian	20	uniform	0	10	0.01	0.1	"1.1,1.1,1.1,1.1,1.1"	9	10	6	10	0
GaussianTest	949	6491.61	85174.2	20	5	15	gaussian	20	uniform	0	10	0.01	0.1	"1.1,1.1,1.1,1.1,1.1"	17	18	2	2	0
GaussianTest	950	3011.92	42884.2	20	5	15	gaussian	20	uniform	0	10	0.01	0.1	"1.1,1.1,1.1,1.1,1.1"	11	12	1	8	0
GaussianTest	951	3662.36	74300.2	20	5	15	gaussian	20	uniform	0	10	0.01	0.1	"1.1,1.1,1.1,1.1,1.1"	13	14	2	6	0
GaussianTest	952	1933.37	20187.1	20	5	15	gaussian	20	uniform	0	10	0.01	0.1	"1.1,1.1,1.1,1.1,1.1"	11	14	3	6	0
GaussianTest	953	4509.2	56496.1	20	5	15	gaussian	20	uniform	0	10	0.01	0.1	"1.1,1.1,1.1,1.1,1.1"	12	14	3	6	0
GaussianTest	954	4001.42	33650.8	20	5	15	gaussian	20	uniform	0	10	0.01	0.1	"1.1,1.1,1.1,1.1,1.1"	12	16	5	4	0
GaussianTest	955	2875.82	50080.8	20	5	15	gaussian	20	uniform	0	10	0.01	0.1	"1.1,1.1,1.1,1.1,1.1"	16	18	3	2	0
GaussianTest	956	4700.07	88335	20	5	15	gaussian	20	uniform	0	10	0.01	0.1	"1.1,1.1,1.1,1.1,1.1"	15	18	1	2	0
GaussianTest	957	2328.66	29380.8	20	5	15	gaussian	20	uniform	0	10	0.01	0.1	"1.1,1.1,1.1,1.1,1.1"	9	13	4	7	0
GaussianTest	958	2598.24	23976.6	20	5	15	gaussian	20	uniform	0	10	0.01	0.1	"1.1,1.1,1.1,1.1,1.1"	12	17	4	3	0
GaussianTest	959	2722.92	54971.1	20	5	15	gaussian	20	uniform	0	10	0.01	0.1	"1.1,1.1,1.1,1.1,1.1"	11	15	6	4	0
GaussianTest	960	4051.69	37918.7	20	5	15	gaussian	20	uniform	0	10	0.01	0.1	"1.1,1.1,1.1,1.1,1.1"	13	15	1	5	0
GaussianTest	961	775.479	50045.7	20	5	15	gaussian	20	uniform	0	10	0.01	0.1	"1.1,1.1,1.1,1.1,1.1"	14	18	4	2	0
GaussianTest	962	416.889	-12602.1	20	5	15	gaussian	20	uniform	0	10	0.01	0.1	"1.1,1.1,1.1,1.1,1.1"	7	12	5	8	1
GaussianTest	963	5091.17	45545	20	5	15	gaussian	20	uniform	0	10	0.01	0.1	"1.1,1.1,1.1,1.1,1.1"	11	13	1	7	0
GaussianTest	964	3980.15	66354.5	20	5	15	gaussian	20	uniform	0	10	0.01	0.1	"1.1,1.1,1.1,1.1,1.1"	10	11	0	9	0
GaussianTest	965	2908.37	50000	20	5	15	gaussian	20	uniform	0	10	0.01	0.1	"1.1,1.1,1.1,1.1,1.1"	12	15	4	5	0
GaussianTest	966	4004.12	65507.1	20	5	15	gaussian	20	uniform	0	10	0.01	0.1	"1.1,1.1,1.1,1.1,1.1"	12	12	0	8	0
GaussianTest	967	1985.71	40779	20	5	15	gaussian	20	uniform	0	10	0.01	0.1	"1.1,1.1,1.1,1.1,1.1"	12	17	6	3	0
GaussianTest	968	2762.16	44772	20	5	15	gaussian	20	uniform	0	10	0.01	0.1	"1.1,1.1,1.1,1.1,1.1"	10	13	3	7	0
GaussianTest	969	2004.7	64352.4	20	5	15	gaussian	20	uniform	0	10	0.01	0.1	"1.1,1.1,1.1,1.1,1.1"	15	18	4	2	0
GaussianTest	970	4949.22	67149.6	20	5	15	gaussian	20	uniform	0	10	0.01	0.1	"1.1,1.1,1.1,1.1,1.1"	13	15	4	4	0
GaussianTest	971	1440.81	19669.9	20	5	15	gaussian	20	uniform	0	10	0.01	0.1	"1.1,1.1,1.1,1.1,1.1"	11	15	4	5	0
GaussianTest	972	2975.61	38781.7	20	5	15	gaussian	20	uniform	0	10	0.01	0.1	"1.1,1.1,1.1,1.1,1.1"	7	9	3	11	0
GaussianTest	973	1522.55	54546.3	20	5	15	gaussian	20	uniform	0	10	0.01	0.1	"1.1,1.1,1.1,1.1,1.1"	9	12	4	8	0
GaussianTest	974	3942.88	64941.4	20	5	15	gaussian	20	uniform	0	10	0.01	0.1	"1.1,1.1,1.1,1.1,1.1"	16	19	3	1	0
GaussianTest	975	4041.39	43118.7	20	5	15	gaussian	20	uniform	0	10	0.01	0.1	"1.1,1.1,1.1,1.1,1.1"	14	17	3	3	0
GaussianTest	976	2383.02	5995.44	20	5	15	gaussian	20	uniform	0	10	0.01	0.1	"1.1,1.1,1.1,1.1,1.1"	12	15	3	5	0
GaussianTest	977	2925.34	29160.4	20	5	15	gaussian	20	uniform	0	10	0.01	0.1	"1.1,1.1,1.1,1.1,1.1"	11	12	2	8	0
GaussianTest	978	4180.95	52483	20	5	15	gaussian	20	uniform	0	10	0.01	0.1	"1.1,1.1,1.1,1.1,1.1"	9	10	0	10	0
GaussianTest	979	4415.37	60531.9	20	5	15	gaussian	20	uniform	0	10	0.01	0.1	"1.1,1.1,1.1,1.1,1.1"	14	17	3	3	0
GaussianTest	890	2408.87	30912.9	20	5	15	gaussian	30	uniform	0	10	0.01	0.1	"1.1,1.1,1.1,1.1,1.1"	10	13	4	7	0
GaussianTest	891	-36.7519	28736.1	20	5	15	gaussian	30	uniform	0	10	0.01	0.1	"1.1,1.1,1.1,1.1,1.1"	8	11	4	9	0
GaussianTest	892	2566.79	2485.46	20	5	15	gaussian	30	uniform	0	10	0.01	0.1	"1.1,1.1,1.1,1.1,1.1"	8	9	1	11	1
GaussianTest	893	2144.65	42254.2	20	5	15	gaussian	30	uniform	0	10	0.01	0.1	"1.1,1.1,1.1,1.1,1.1"	6	6	0	14	0
GaussianTest	894	510.491	28667	20	5	15	gaussian	30	uniform	0	10	0.01	0.1	"1.1,1.1,1.1,1.1,1.1"	7	10	4	10	0
GaussianTest	895	2976.14	73195	20	5	15	gaussian	30	uniform	0	10	0.01	0.1	"1.1,1.1,1.1,1.1,1.1"	9	10	1	10	0
GaussianTest	896	-469.889	12913.3	20	5	15	gaussian	30	uniform	0	10	0.01	0.1	"1.1,1.1,1.1,1.1,1.1"	4	7	4	13	0
GaussianTest	897	1024.15	-24147.6	20	5	15	gaussian	30	uniform	0	10	0.01	0.1	"1.1,1.1,1.1,1.1,1.1"	5	10	5	10	1
GaussianTest	898	2943.92	24541.8	20	5	15	gaussian	30	uniform	0	10	0.01	0.1	"1.1,1.1,1.1,1.1,1.1"	8	10	2	10	0
GaussianTest	899	1504.72	12439.5	20	5	15	gaussian	30	uniform	0	10	0.01	0.1	"1.1,1.1,1.1,1.1,1.1"	7	9	3	11	0
GaussianTest	900	2831.01	46830.2	20	5	15	gaussian	30	uniform	0	10	0.01	0.1	"1.1,1.1,1.1,1.1,1.1"	8	9	0	11	0
GaussianTest	901	3305.9	62159.8	20	5	15	gaussian	30	uniform	0	10	0.01	0.1	"1.1,1.1,1.1,1.1,1.1"	9	13	4	7	0
GaussianTest	902	960.823	9633.39	20	5	15	gaussian	30	uniform	0	10	0.01	0.1	"1.1,1.1,1.1,1.1,1.1"	5	5	0	15	0
GaussianTest	903	1973.62	-3548.84	20	5	15	gaussian	30	uniform	0	10	0.01	0.1	"1.1,1.1,1.1,1.1,1.1"	8	11	4	9	1
GaussianTest	904	-1590.85	-2144.9	20	5	15	gaussian	30	uniform	0	10	0.01	0.1	"1.1,1.1,1.1,1.1,1.1"	5	10	3	10	1
GaussianTest	905	968.608	47435.5	20	5	15	gaussian	30	uniform	0	10	0.01	0.1	"1.1,1.1,1.1,1.1,1.1"	7	10	2	10	0
GaussianTest	906	806.053	26512.1	20	5	15	gaussian	30	uniform	0	10	0.01	0.1	"1.1,1.1,1.1,1.1,1.1"	6	9	2	11	0
GaussianTest	907	2460.9	35697.4	20	5	15	gaussian	30	uniform	0	10	0.01	0.1	"1.1,1.1,1.1,1.1,1.1"	7	7	0	13	0
GaussianTest	908	2259.36	27062.8	20	5	15	gaussian	30	uniform	0	10	0.01	0.1	"1.1,1.1,1.1,1.1,1.1"	7	8	2	12	0
GaussianTest	909	751.332	5856.24	20	5	15	gaussian	30	uniform	0	10	0.01	0.1	"1.1,1.1,1.1,1.1,1.1"	6	8	1	12	0
GaussianTest	910	-116.823	24114.2	20	5	15	gaussian	30	uniform	0	10	0.01	0.1	"1.1,1.1,1.1,1.1,1.1"	4	5	2	14	0
GaussianTest	911	1327.08	-7198.87	20	5	15	gaussian	30	uniform	0	10	0.01	0.1	"1.1,1.1,1.1,1.1,1.1"	8	9	1	11	1
GaussianTest	912	328.36	33353.3	20	5	15	gaussian	30	uniform	0	10	0.01	0.1	"1.1,1.1,1.1,1.1,1.1"	8	10	1	10	0
GaussianTest	913	2594.67	17739.2	20	5	15	gaussian	30	uniform	0	10	0.01	0.1	"1.1,1.1,1.1,1.1,1.1"	8	9	2	11	0
GaussianTest	914	89.5861	32049.9	20	5	15	gaussian	30	uniform	0	10	0.01	0.1	"1.1,1.1,1.1,1.1,1.1"	7	12	5	8	0
GaussianTest	915	1414.98	33621.1	20	5	15	gaussian	30	uniform	0	10	0.01	0.1	"1.1,1.1,1.1,1.1,1.1"	8	9	2	11	0
GaussianTest	916	680.091	-25373.8	20	5	15	gaussian	30	uniform	0	10	0.01	0.1	"1.1,1.1,1.1,1.1,1.1"	5	7	4	13	1
GaussianTest	917	332.136	2147.61	20	5	15	gaussian	30	uniform	0	10	0.01	0.1	"1.1,1.1,1.1,1.1,1.1"	4	6	1	14	0
GaussianTest	918	217.925	-15995.7	20	5	15	gaussian	30	uniform	0	10	0.01	0.1	"1.1,1.1,1.1,1.1,1.1"	3	6	3	14	1
GaussianTest	919	1460.92	21196.6	20	5	15	gaussian	30	uniform	0	10	0.01	0.1	"1.1,1.1,1.1,1.1,1.1"	7	8	1	12	0
GaussianTest	920	2415.99	46722.7	20	5	15	gaussian	30	uniform	0	10	0.01	0.1	"1.1,1.1,1.1,1.1,1.1"	6	9	3	11	0
GaussianTest	921	4480.79	51350.9	20	5	15	gaussian	30	uniform	0	10	0.01	0.1	"1.1,1.1,1.1,1.1,1.1"	9	9	0	11	0
GaussianTest	922	939.91	9026.62	20	5	15	gaussian	30	uniform	0	10	0.01	0.1	"1.1,1.1,1.1,1.1,1.1"	6	8	2	12	0
GaussianTest	923	-1208.29	-46471.8	20	5	15	gaussian	30	uniform	0	10	0.01	0.1	"1.1,1.1,1.1,1.1,1.1"	2	6	5	14	1
GaussianTest	924	1684.22	54878.9	20	5	15	gaussian	30	uniform	0	10	0.01	0.1	"1.1,1.1,1.1,1.1,1.1"	6	7	2	13	0
GaussianTest	925	2587.91	-12010	20	5	15	gaussian	30	uniform	0	10	0.01	0.1	"1.1,1.1,1.1,1.1,1.1"	7	7	2	13	1
GaussianTest	926	-1678.78	-34868.1	20	5	15	gaussian	30	uniform	0	10	0.01	0.1	"1.1,1.1,1.1,1.1,1.1"	2	5	4	15	1
GaussianTest	927	1547.74	-13929.2	20	5	15	gaussian	30	uniform	0	10	0.01	0.1	"1.1,1.1,1.1,1.1,1.1"	8	10	2	10	1
GaussianTest	928	1830.51	49887.3	20	5	15	gaussian	30	uniform	0	10	0.01	0.1	"1.1,1.1,1.1,1.1,1.1"	6	8	2	12	0
GaussianTest	929	2027.01	46952.3	20	5	15	gaussian	30	uniform	0	10	0.01	0.1	"1.1,1.1,1.1,1.1,1.1"	7	10	3	10	0
GaussianTest	930	-210.334	-66564.5	20	5	15	gaussian	30	uniform	0	10	0.01	0.1	"1.1,1.1,1.1,1.1,1.1"	3	5	3	15	1
GaussianTest	931	-1058.36	-23399.1	20	5	15	gaussian	30	uniform	0	10	0.01	0.1	"1.1,1.1,1.1,1.1,1.1"	5	12	7	8	1
GaussianTest	932	221.686	-12488.5	20	5	15	gaussian	30	uniform	0	10	0.01	0.1	"1.1,1.1,1.1,1.1,1.1"	4	6	2	14	1
GaussianTest	933	849.595	9645.9	20	5	15	gaussian	30	uniform	0	10	0.01	0.1	"1.1,1.1,1.1,1.1,1.1"	5	11	5	9	0
GaussianTest	934	-1471.78	-74611.1	20	5	15	gaussian	30	uniform	0	10	0.01	0.1	"1.1,1.1,1.1,1.1,1.1"	1	5	3	15	1
GaussianTest	935	1559.89	49380.7	20	5	15	gaussian	30	uniform	0	10	0.01	0.1	"1.1,1.1,1.1,1.1,1.1"	10	12	3	8	0
GaussianTest	936	3922.98	57642	20	5	15	gaussian	30	uniform	0	10	0.01	0.1	"1.1,1.1,1.1,1.1,1.1"	10	13	3	7	0
GaussianTest	937	1611.47	8058.77	20	5	15	gaussian	30	uniform	0	10	0.01	0.1	"1.1,1.1,1.1,1.1,1.1"	5	7	2	13	0
GaussianTest	938	3153.52	74044	20	5	15	gaussian	30	uniform	0	10	0.01	0.1	"1.1,1.1,1.1,1.1,1.1"	7	8	1	12	0
GaussianTest	939	81.8934	-5802.85	20	5	15	gaussian	30	uniform	0	10	0.01	0.1	"1.1,1.1,1.1,1.1,1.1"	6	10	4	10	1
GaussianTest	940	133.843	12913.8	20	5	15	gaussian	30	uniform	0	10	0.01	0.1	"1.1,1.1,1.1,1.1,1.1"	8	12	3	8	0
GaussianTest	941	-803.926	-33068.4	20	5	15	gaussian	30	uniform	0	10	0.01	0.1	"1.1,1.1,1.1,1.1,1.1"	4	7	4	13	1
GaussianTest	942	-417.682	9323.28	20	5	15	gaussian	30	uniform	0	10	0.01	0.1	"1.1,1.1,1.1,1.1,1.1"	6	9	3	11	0
GaussianTest	943	620.408	-21870.3	20	5	15	gaussian	30	uniform	0	10	0.01	0.1	"1.1,1.1,1.1,1.1,1.1"	7	10	2	10	1
GaussianTest	944	28.938	13370.1	20	5	15	gaussian	30	uniform	0	10	0.01	0.1	"1.1,1.1,1.1,1.1,1.1"	4	7	4	13	0
GaussianTest	945	-1841.32	-12862.5	20	5	15	gaussian	30	uniform	0	10	0.01	0.1	"1.1,1.1,1.1,1.1,1.1"	4	9	5	11	1
GaussianTest	946	2871.28	26586	20	5	15	gaussian	30	uniform	0	10	0.01	0.1	"1.1,1.1,1.1,1.1,1.1"	8	11	3	9	0
GaussianTest	947	1305.34	42343.6	20	5	15	gaussian	30	uniform	0	10	0.01	0.1	"1.1,1.1,1.1,1.1,1.1"	5	7	2	13	0
GaussianTest	948	941.629	29183.8	20	5	15	gaussian	30	uniform	0	10	0.01	0.1	"1.1,1.1,1.1,1.1,1.1"	4	5	1	15	0
GaussianTest	949	-2859.81	-51796.9	20	5	15	gaussian	30	uniform	0	10	0.01	0.1	"1.1,1.1,1.1,1.1,1.1"	6	13	7	7	1
GaussianTest	950	2733.8	46886.2	20	5	15	gaussian	30	uniform	0	10	0.01	0.1	"1.1,1.1,1.1,1.1,1.1"	7	9	3	11	0
GaussianTest	951	182.498	12959.5	20	5	15	gaussian	30	uniform	0	10	0.01	0.1	"1.1,1.1,1.1,1.1,1.1"	6	11	6	9	0
GaussianTest	952	974.329	-1269.71	20	5	15	gaussian	30	uniform	0	10	0.01	0.1	"1.1,1.1,1.1,1.1,1.1"	4	6	2	14	1
GaussianTest	953	2880.91	46503.1	20	5	15	gaussian	30	uniform	0	10	0.01	0.1	"1.1,1.1,1.1,1.1,1.1"	9	10	3	10	0
GaussianTest	954	1928.6	5890.45	20	5	15	gaussian	30	uniform	0	10	0.01	0.1	"1.1,1.1,1.1,1.1,1.1"	7	8	1	12	0
GaussianTest	955	3021.2	35945.3	20	5	15	gaussian	30	uniform	0	10	0.01	0.1	"1.1,1.1,1.1,1.1,1.1"	9	11	4	9	0
GaussianTest	956	3399.9	65081.6	20	5	15	gaussian	30	uniform	0	10	0.01	0.1	"1.1,1.1,1.1,1.1,1.1"	11	14	3	6	0
GaussianTest	957	1644.36	45609.5	20	5	15	gaussian	30	uniform	0	10	0.01	0.1	"1.1,1.1,1.1,1.1,1.1"	4	7	3	13	0
GaussianTest	958	1831.77	37034.9	20	5	15	gaussian	30	uniform	0	10	0.01	0.1	"1.1,1.1,1.1,1.1,1.1"	8	10	0	10	0
GaussianTest	959	-862.906	50150.8	20	5	15	gaussian	30	uniform	0	10	0.01	0.1	"1.1,1.1,1.1,1.1,1.1"	6	10	4	10	0
GaussianTest	960	-321.521	-32213.2	20	5	15	gaussian	30	uniform	0	10	0.01	0.1	"1.1,1.1,1.1,1.1,1.1"	6	10	5	10	1
GaussianTest	961	-173.715	-657.303	20	5	15	gaussian	30	uniform	0	10	0.01	0.1	"1.1,1.1,1.1,1.1,1.1"	6	11	5	9	1
GaussianTest	962	-216.509	2042.81	20	5	15	gaussian	30	uniform	0	10	0.01	0.1	"1.1,1.1,1.1,1.1,1.1"	4	5	3	15	0
GaussianTest	963	2236.5	35184.5	20	5	15	gaussian	30	uniform	0	10	0.01	0.1	"1.1,1.1,1.1,1.1,1.1"	6	8	2	12	0
GaussianTest	964	64.4325	-21935.2	20	5	15	gaussian	30	uniform	0	10	0.01	0.1	"1.1,1.1,1.1,1.1,1.1"	4	8	4	12	1
GaussianTest	965	3152.46	-1262.3	20	5	15	gaussian	30	uniform	0	10	0.01	0.1	"1.1,1.1,1.1,1.1,1.1"	8	10	2	10	1
GaussianTest	966	2251.18	-1488.87	20	5	15	gaussian	30	uniform	0	10	0.01	0.1	"1.1,1.1,1.1,1.1,1.1"	8	10	2	10	1
GaussianTest	967	3740.41	81579.9	20	5	15	gaussian	30	uniform	0	10	0.01	0.1	"1.1,1.1,1.1,1.1,1.1"	8	9	2	11	0
GaussianTest	968	1885.02	43756.1	20	5	15	gaussian	30	uniform	0	10	0.01	0.1	"1.1,1.1,1.1,1.1,1.1"	6	8	1	12	0
GaussianTest	969	248.398	-16177	20	5	15	gaussian	30	uniform	0	10	0.01	0.1	"1.1,1.1,1.1,1.1,1.1"	7	10	3	10	1
GaussianTest	970	1690.27	-10538.8	20	5	15	gaussian	30	uniform	0	10	0.01	0.1	"1.1,1.1,1.1,1.1,1.1"	6	8	2	12	1
GaussianTest	971	3450.28	46128.2	20	5	15	gaussian	30	uniform	0	10	0.01	0.1	"1.1,1.1,1.1,1.1,1.1"	7	7	0	13	0
GaussianTest	972	1162.39	20676.3	20	5	15	gaussian	30	uniform	0	10	0.01	0.1	"1.1,1.1,1.1,1.1,1.1"	5	7	2	13	0
GaussianTest	973	2831.42	67412.8	20	5	15	gaussian	30	uniform	0	10	0.01	0.1	"1.1,1.1,1.1,1.1,1.1"	7	8	1	12	0
GaussianTest	974	89.1222	38566.2	20	5	15	gaussian	30	uniform	0	10	0.01	0.1	"1.1,1.1,1.1,1.1,1.1"	9	12	3	8	0
GaussianTest	975	3203.44	65566.7	20	5	15	gaussian	30	uniform	0	10	0.01	0.1	"1.1,1.1,1.1,1.1,1.1"	8	11	3	9	0
GaussianTest	976	1979.84	10196.7	20	5	15	gaussian	30	uniform	0	10	0.01	0.1	"1.1,1.1,1.1,1.1,1.1"	5	8	3	12	0
GaussianTest	977	1853.65	29511.6	20	5	15	gaussian	30	uniform	0	10	0.01	0.1	"1.1,1.1,1.1,1.1,1.1"	7	8	2	12	0
GaussianTest	978	606.141	-15510.9	20	5	15	gaussian	30	uniform	0	10	0.01	0.1	"1.1,1.1,1.1,1.1,1.1"	5	6	3	14	1
GaussianTest	979	343.522	48205.4	20	5	15	gaussian	30	uniform	0	10	0.01	0.1	"1.1,1.1,1.1,1.1,1.1"	7	12	4	8	0
GaussianTest	980	3553.42	50399.3	20	5	15	gaussian	30	uniform	0	10	0.01	0.1	"1.1,1.1,1.1,1.1,1.1"	10	11	1	9	0
GaussianTest	981	2504.52	22165.2	20	5	15	gaussian	30	uniform	0	10	0.01	0.1	"1.1,1.1,1.1,1.1,1.1"	10	11	1	9	0
GaussianTest	982	-1324.49	-66087.7	20	5	15	gaussian	30	uniform	0	10	0.01	0.1	"1.1,1.1,1.1,1.1,1.1"	1	5	3	15	1
GaussianTest	983	-833.376	5684.39	20	5	15	gaussian	30	uniform	0	10	0.01	0.1	"1.1,1.1,1.1,1.1,1.1"	8	12	4	8	0
GaussianTest	984	-1559.9	-11006.8	20	5	15	gaussian	30	uniform	0	10	0.01	0.1	"1.1,1.1,1.1,1.1,1.1"	5	11	6	9	1
GaussianTest	985	-292.139	12765.9	20	5	15	gaussian	30	uniform	0	10	0.01	0.1	"1.1,1.1,1.1,1.1,1.1"	6	12	6	8	0
GaussianTest	986	1765.26	19318.6	20	5	15	gaussian	30	uniform	0	10	0.01	0.1	"1.1,1.1,1.1,1.1,1.1"	7	11	4	9	0
GaussianTest	987	402.298	-8256.26	20	5	15	gaussian	30	uniform	0	10	0.01	0.1	"1.1,1.1,1.1,1.1,1.1"	6	7	2	13	1
GaussianTest	988	995.775	-26559.3	20	5	15	gaussian	30	uniform	0	10	0.01	0.1	"1.1,1.1,1.1,1.1,1.1"	3	6	2	14	1
GaussianTest	989	2007.29	25594.9	20	5	15	gaussian	30	uniform	0	10	0.01	0.1	"1.1,1.1,1.1,1.1,1.1"	7	7	1	13	0
GaussianTest	900	1893.85	-4373.32	20	5	15	gaussian	40	uniform	0	10	0.01	0.1	"1.1,1.1,1.1,1.1,1.1"	7	8	3	12	1
GaussianTest	901	-211.838	-2172.84	20	5	15	gaussian	40	uniform	0	10	0.01	0.1	"1.1,1.1,1.1,1.1,1.1"	5	9	3	11	1
GaussianTest	902	648.638	25815.1	20	5	15	gaussian	40	uniform	0	10	0.01	0.1	"1.1,1.1,1.1,1.1,1.1"	3	3	0	17	0
GaussianTest	903	1172.79	-23112.1	20	5	15	gaussian	40	uniform	0	10	0.01	0.1	"1.1,1.1,1.1,1.1,1.1"	3	6	3	14	1
GaussianTest	904	2110.41	38038.6	20	5	15	gaussian	40	uniform	0	10	0.01	0.1	"1.1,1.1,1.1,1.1,1.1"	4	5	1	15	0
GaussianTest	905	2085.87	50797.4	20	5	15	gaussian	40	uniform	0	10	0.01	0.1	"1.1,1.1,1.1,1.1,1.1"	6	7	1	13	0
GaussianTest	906	890.359	12428.9	20	5	15	gaussian	40	uniform	0	10	0.01	0.1	"1.1,1.1,1.1,1.1,1.1"	4	6	2	14	0
GaussianTest	907	433.735	11670.4	20	5	15	gaussian	40	uniform	0	10	0.01	0.1	"1.1,1.1,1.1,1.1,1.1"	3	4	2	16	0
GaussianTest	908	1387.88	-227.106	20	5	15	gaussian	40	uniform	0	10	0.01	0.1	"1.1,1.1,1.1,1.1,1.1"	5	6	1	14	1
GaussianTest	909	1650.65	55311.7	20	5	15	gaussian	40	uniform	0	10	0.01	0.1	"1.1,1.1,1.1,1.1,1.1"	5	6	1	14	0
GaussianTest	910	1723.93	12873.8	20	5	15	gaussian	40	uniform	0	10	0.01	0.1	"1.1,1.1,1.1,1.1,1.1"	4	4	0	16	0
GaussianTest	911	442.742	-27399.7	20	5	15	gaussian	40	uniform	0	10	0.01	0.1	"1.1,1.1,1.1,1.1,1.1"	4	5	1	15	1
GaussianTest	912	1850.95	54580	20	5	15	gaussian	40	uniform	0	10	0.01	0.1	"1.1,1.1,1.1,1.1,1.1"	6	8	2	12	0
GaussianTest	913	-1075.67	-61866.2	20	5	15	gaussian	40	uniform	0	10	0.01	0.1	"1.1,1.1,1.1,1.1,1.1"	2	6	4	14	1
GaussianTest	914	981.768	-3641.25	20	5	15	gaussian	40	uniform	0	10	0.01	0.1	"1.1,1.1,1.1,1.1,1.1"	5	7	2	13	1
GaussianTest	915	2022.98	53365.1	20	5	15	gaussian	40	uniform	0	10	0.01	0.1	"1.1,1.1,1.1,1.1,1.1"	6	6	0	14	0
GaussianTest	916	1801.91	-3528.61	20	5	15	gaussian	40	uniform	0	10	0.01	0.1	"1.1,1.1,1.1,1.1,1.1"	3	3	0	17	1
GaussianTest	917	120.28	-24222.5	20	5	15	gaussian	40	uniform	0	10	0.01	0.1	"1.1,1.1,1.1,1.1,1.1"	2	3	1	17	1
GaussianTest	918	1408.5	-15495.2	20	5	15	gaussian	40	uniform	0	10	0.01	0.1	"1.1,1.1,1.1,1.1,1.1"	2	2	0	18	1
GaussianTest	919	-441.559	-26200.4	20	5	15	gaussian	40	uniform	0	10	0.01	0.1	"1.1,1.1,1.1,1.1,1.1"	2	5	3	15	1
GaussianTest	920	2362.17	-12640.6	20	5	15	gaussian	40	uniform	0	10	0.01	0.1	"1.1,1.1,1.1,1.1,1.1"	5	6	1	14	1
GaussianTest	921	-467.855	1043.25	20	5	15	gaussian	40	uniform	0	10	0.01	0.1	"1.1,1.1,1.1,1.1,1.1"	5	8	3	12	0
GaussianTest	922	554.119	-41949.9	20	5	15	gaussian	40	uniform	0	10	0.01	0.1	"1.1,1.1,1.1,1.1,1.1"	2	5	3	15	1
GaussianTest	923	482.426	-17847.4	20	5	15	gaussian	40	uniform	0	10	0.01	0.1	"1.1,1.1,1.1,1.1,1.1"	1	2	1	18	1
GaussianTest	924	2838.44	30011.8	20	5	15	gaussian	40	uniform	0	10	0.01	0.1	"1.1,1.1,1.1,1.1,1.1"	5	6	1	14	0
GaussianTest	925	-2709.53	-70694.9	20	5	15	gaussian	40	uniform	0	10	0.01	0.1	"1.1,1.1,1.1,1.1,1.1"	2	4	4	16	1
GaussianTest	926	864.019	-20061.3	20	5	15	gaussian	40	uniform	0	10	0.01	0.1	"1.1,1.1,1.1,1.1,1.1"	1	2	1	18	1
GaussianTest	927	-1571.32	-71116.5	20	5	15	gaussian	40	uniform	0	10	0.01	0.1	"1.1,1.1,1.1,1.1,1.1"	1	7	6	13	1
GaussianTest	928	2203.12	59535.5	20	5	15	gaussian	40	uniform	0	10	0.01	0.1	"1.1,1.1,1.1,1.1,1.1"	6	6	1	14	0
GaussianTest	929	3401.26	40131.7	20	5	15	gaussian	40	uniform	0	10	0.01	0.1	"1.1,1.1,1.1,1.1,1.1"	6	7	1	13	0
GaussianTest	930	1039.37	-24756.3	20	5	15	gaussian	40	uniform	0	10	0.01	0.1	"1.1,1.1,1.1,1.1,1.1"	1	1	0	19	1
GaussianTest	931	1015.15	-17453.2	20	5	15	gaussian	40	uniform	0	10	0.01	0.1	"1.1,1.1,1.1,1.1,1.1"	3	3	0	17	1
GaussianTest	932	1631.75	17780.4	20	5	15	gaussian	40	uniform	0	10	0.01	0.1	"1.1,1.1,1.1,1.1,1.1"	2	3	2	17	0
GaussianTest	933	546.315	-47473.8	20	5	15	gaussian	40	uniform	0	10	0.01	0.1	"1.1,1.1,1.1,1.1,1.1"	2	4	2	16	1
GaussianTest	934	490.189	-33543.1	20	5	15	gaussian	40	uniform	0	10	0.01	0.1	"1.1,1.1,1.1,1.1,1.1"	0	0	0	20	1
GaussianTest	935	542.671	-9868.82	20	5	15	gaussian	40	uniform	0	10	0.01	0.1	"1.1,1.1,1.1,1.1,1.1"	4	7	4	13	1
GaussianTest	936	3124.1	25539.7	20	5	15	gaussian	40	uniform	0	10	0.01	0.1	"1.1,1.1,1.1,1.1,1.1"	7	10	3	10	0
GaussianTest	937	1730.1	-2577.64	20	5	15	gaussian	40	uniform	0	10	0.01	0.1	"1.1,1.1,1.1,1.1,1.1"	4	4	0	16	1
GaussianTest	938	1749.94	17937.1	20	5	15	gaussian	40	uniform	0	10	0.01	0.1	"1.1,1.1,1.1,1.1,1.1"	5	6	1	14	0
GaussianTest	939	506.972	-44423.6	20	5	15	gaussian	40	uniform	0	10	0.01	0.1	"1.1,1.1,1.1,1.1,1.1"	2	4	2	16	1
GaussianTest	940	-182.002	-25003.4	20	5	15	gaussian	40	uniform	0	10	0.01	0.1	"1.1,1.1,1.1,1.1,1.1"	3	5	2	15	1
GaussianTest	941	397.9	-23089.6	20	5	15	gaussian	40	uniform	0	10	0.01	0.1	"1.1,1.1,1.1,1.1,1.1"	1	2	1	18	1
GaussianTest	942	224.773	-4603.39	20	5	15	gaussian	40	uniform	0	10	0.01	0.1	"1.1,1.1,1.1,1.1,1.1"	3	4	1	16	1
GaussianTest	943	-2726.77	-98123.3	20	5	15	gaussian	40	uniform	0	10	0.01	0.1	"1.1,1.1,1.1,1.1,1.1"	0	4	5	16	1
GaussianTest	944	1271.83	86.9802	20	5	15	gaussian	40	uniform	0	10	0.01	0.1	"1.1,1.1,1.1,1.1,1.1"	2	3	1	17	1
GaussianTest	945	821.055	-4998.56	20	5	15	gaussian	40	uniform	0	10	0.01	0.1	"1.1,1.1,1.1,1.1,1.1"	2	3	1	17	1
GaussianTest	946	4111.4	52615.5	20	5	15	gaussian	40	uniform	0	10	0.01	0.1	"1.1,1.1,1.1,1.1,1.1"	6	7	0	13	0
GaussianTest	947	2381.08	9610.03	20	5	15	gaussian	40	uniform	0	10	0.01	0.1	"1.1,1.1,1.1,1.1,1.1"	3	4	1	16	0
GaussianTest	948	1111.26	23811.9	20	5	15	gaussian	40	uniform	0	10	0.01	0.1	"1.1,1.1,1.1,1.1,1.1"	4	4	0	16	0
GaussianTest	949	-728.883	-47224.2	20	5	15	gaussian	40	uniform	0	10	0.01	0.1	"1.1,1.1,1.1,1.1,1.1"	1	3	2	17	1
GaussianTest	950	2390.51	18632.1	20	5	15	gaussian	40	uniform	0	10	0.01	0.1	"1.1,1.1,1.1,1.1,1.1"	4	5	1	15	0
GaussianTest	951	1685.83	16873.5	20	5	15	gaussian	40	uniform	0	10	0.01	0.1	"1.1,1.1,1.1,1.1,1.1"	5	5	1	15	0
GaussianTest	952	870.368	20233.4	20	5	15	gaussian	40	uniform	0	10	0.01	0.1	"1.1,1.1,1.1,1.1,1.1"	3	3	0	17	0
GaussianTest	953	1037.42	8158.57	20	5	15	gaussian	40	uniform	0	10	0.01	0.1	"1.1,1.1,1.1,1.1,1.1"	5	6	2	14	0
GaussianTest	954	1929.8	5450.29	20	5	15	gaussian	40	uniform	0	10	0.01	0.1	"1.1,1.1,1.1,1.1,1.1"	4	5	0	15	0
GaussianTest	955	289.485	23917.8	20	5	15	gaussian	40	uniform	0	10	0.01	0.1	"1.1,1.1,1.1,1.1,1.1"	5	8	3	12	0
GaussianTest	956	1020.8	39409.2	20	5	15	gaussian	40	uniform	0	10	0.01	0.1	"1.1,1.1,1.1,1.1,1.1"	7	8	3	12	0
GaussianTest	957	2424.05	34659.8	20	5	15	gaussian	40	uniform	0	10	0.01	0.1	"1.1,1.1,1.1,1.1,1.1"	4	4	0	16	0
GaussianTest	958	2460.77	39182.4	20	5	15	gaussian	40	uniform	0	10	0.01	0.1	"1.1,1.1,1.1,1.1,1.1"	5	6	2	14	0
GaussianTest	959	2167.63	38980.4	20	5	15	gaussian	40	uniform	0	10	0.01	0.1	"1.1,1.1,1.1,1.1,1.1"	5	6	1	14	0
GaussianTest	960	864.183	-59386.3	20	5	15	gaussian	40	uniform	0	10	0.01	0.1	"1.1,1.1,1.1,1.1,1.1"	2	2	0	18	1
GaussianTest	961	1143.35	28500.3	20	5	15	gaussian	40	uniform	0	10	0.01	0.1	"1.1,1.1,1.1,1.1,1.1"	4	6	3	14	0
GaussianTest	962	687.982	-3511.39	20	5	15	gaussian	40	uniform	0	10	0.01	0.1	"1.1,1.1,1.1,1.1,1.1"	1	1	2	19	1
GaussianTest	963	392.394	-22810.2	20	5	15	gaussian	40	uniform	0	10	0.01	0.1	"1.1,1.1,1.1,1.1,1.1"	3	6	4	14	1
GaussianTest	964	1264.85	-4422.19	20	5	15	gaussian	40	uniform	0	10	0.01	0.1	"1.1,1.1,1.1,1.1,1.1"	3	3	0	17	1
GaussianTest	965	-1905.14	-57486.3	20	5	15	gaussian	40	uniform	0	10	0.01	0.1	"1.1,1.1,1.1,1.1,1.1"	1	7	5	13	1
GaussianTest	966	-1409.69	-82335.9	20	5	15	gaussian	40	uniform	0	10	0.01	0.1	"1.1,1.1,1.1,1.1,1.1"	2	6	5	14	1
GaussianTest	967	2139.22	25009	20	5	15	gaussian	40	uniform	0	10	0.01	0.1	"1.1,1.1,1.1,1.1,1.1"	5	8	3	12	0
GaussianTest	968	-169.862	16692.1	20	5	15	gaussian	40	uniform	0	10	0.01	0.1	"1.1,1.1,1.1,1.1,1.1"	3	5	3	15	0
GaussianTest	969	170.934	-41331	20	5	15	gaussian	40	uniform	0	10	0.01	0.1	"1.1,1.1,1.1,1.1,1.1"	1	5	4	15	1
GaussianTest	970	634.125	27708.2	20	5	15	gaussian	40	uniform	0	10	0.01	0.1	"1.1,1.1,1.1,1.1,1.1"	3	5	2	15	0
GaussianTest	971	2900.12	25354.7	20	5	15	gaussian	40	uniform	0	10	0.01	0.1	"1.1,1.1,1.1,1.1,1.1"	5	5	0	15	0
GaussianTest	972	326.252	-150.59	20	5	15	gaussian	40	uniform	0	10	0.01	0.1	"1.1,1.1,1.1,1.1,1.1"	2	3	1	17	1
GaussianTest	973	1635.28	23479.4	20	5	15	gaussian	40	uniform	0	10	0.01	0.1	"1.1,1.1,1.1,1.1,1.1"	5	6	1	14	0
GaussianTest	974	532.338	24287.9	20	5	15	gaussian	40	uniform	0	10	0.01	0.1	"1.1,1.1,1.1,1.1,1.1"	5	7	3	13	0
GaussianTest	975	1112.8	35544.1	20	5	15	gaussian	40	uniform	0	10	0.01	0.1	"1.1,1.1,1.1,1.1,1.1"	5	8	3	12	0
GaussianTest	976	386.145	7998.11	20	5	15	gaussian	40	uniform	0	10	0.01	0.1	"1.1,1.1,1.1,1.1,1.1"	2	5	3	15	0
GaussianTest	977	1320.02	15379.6	20	5	15	gaussian	40	uniform	0	10	0.01	0.1	"1.1,1.1,1.1,1.1,1.1"	4	5	1	15	0
GaussianTest	978	444.424	-50597.6	20	5	15	gaussian	40	uniform	0	10	0.01	0.1	"1.1,1.1,1.1,1.1,1.1"	1	2	1	18	1
GaussianTest	979	3780.58	79844.1	20	5	15	gaussian	40	uniform	0	10	0.01	0.1	"1.1,1.1,1.1,1.1,1.1"	7	7	0	13	0
GaussianTest	980	1778.42	3893.76	20	5	15	gaussian	40	uniform	0	10	0.01	0.1	"1.1,1.1,1.1,1.1,1.1"	6	7	1	13	0
GaussianTest	981	1899.91	8543.83	20	5	15	gaussian	40	uniform	0	10	0.01	0.1	"1.1,1.1,1.1,1.1,1.1"	5	5	0	15	0
GaussianTest	982	262.883	-28825.4	20	5	15	gaussian	40	uniform	0	10	0.01	0.1	"1.1,1.1,1.1,1.1,1.1"	0	1	0	19	1
GaussianTest	983	352.758	21294.6	20	5	15	gaussian	40	uniform	0	10	0.01	0.1	"1.1,1.1,1.1,1.1,1.1"	5	7	2	13	0
GaussianTest	984	1426.46	16127.5	20	5	15	gaussian	40	uniform	0	10	0.01	0.1	"1.1,1.1,1.1,1.1,1.1"	3	4	1	16	0
GaussianTest	985	-384.109	-31476.7	20	5	15	gaussian	40	uniform	0	10	0.01	0.1	"1.1,1.1,1.1,1.1,1.1"	3	5	0	15	1
GaussianTest	986	1093.55	17410.4	20	5	15	gaussian	40	uniform	0	10	0.01	0.1	"1.1,1.1,1.1,1.1,1.1"	4	6	1	14	0
GaussianTest	987	429.081	-14780.4	20	5	15	gaussian	40	uniform	0	10	0.01	0.1	"1.1,1.1,1.1,1.1,1.1"	3	5	2	15	1
GaussianTest	988	1808.67	33450.1	20	5	15	gaussian	40	uniform	0	10	0.01	0.1	"1.1,1.1,1.1,1.1,1.1"	2	3	1	17	0
GaussianTest	989	1905.69	17555.9	20	5	15	gaussian	40	uniform	0	10	0.01	0.1	"1.1,1.1,1.1,1.1,1.1"	4	4	0	16	0
GaussianTest	990	1482.72	7554.97	20	5	15	gaussian	40	uniform	0	10	0.01	0.1	"1.1,1.1,1.1,1.1,1.1"	3	4	1	16	0
GaussianTest	991	62.3595	-20164	20	5	15	gaussian	40	uniform	0	10	0.01	0.1	"1.1,1.1,1.1,1.1,1.1"	4	6	2	14	1
GaussianTest	992	1705.26	-11409.8	20	5	15	gaussian	40	uniform	0	10	0.01	0.1	"1.1,1.1,1.1,1.1,1.1"	5	6	1	14	1
GaussianTest	993	-8.80619	-52159.4	20	5	15	gaussian	40	uniform	0	10	0.01	0.1	"1.1,1.1,1.1,1.1,1.1"	2	6	4	14	1
GaussianTest	994	2111.33	18222.3	20	5	15	gaussian	40	uniform	0	10	0.01	0.1	"1.1,1.1,1.1,1.1,1.1"	3	3	0	17	0
GaussianTest	995	1939.16	62840.8	20	5	15	gaussian	40	uniform	0	10	0.01	0.1	"1.1,1.1,1.1,1.1,1.1"	6	7	1	13	0
GaussianTest	996	413.366	16832.9	20	5	15	gaussian	40	uniform	0	10	0.01	0.1	"1.1,1.1,1.1,1.1,1.1"	4	7	3	13	0
GaussianTest	997	-132.499	14179.9	20	5	15	gaussian	40	uniform	0	10	0.01	0.1	"1.1,1.1,1.1,1.1,1.1"	5	9	4	11	0
GaussianTest	998	3342.3	52978.7	20	5	15	gaussian	40	uniform	0	10	0.01	0.1	"1.1,1.1,1.1,1.1,1.1"	7	7	0	13	0
GaussianTest	999	2044.11	31371	20	5	15	gaussian	40	uniform	0	10	0.01	0.1	"1.1,1.1,1.1,1.1,1.1"	5	6	1	14	0
GaussianTest	910	367.661	-42188.7	20	5	15	gaussian	50	uniform	0	10	0.01	0.1	"1.1,1.1,1.1,1.1,1.1"	1	4	4	16	1
GaussianTest	911	-323.634	-8413.98	20	5	15	gaussian	50	uniform	0	10	0.01	0.1	"1.1,1.1,1.1,1.1,1.1"	1	4	2	16	1
GaussianTest	912	1357.05	22491.1	20	5	15	gaussian	50	uniform	0	10	0.01	0.1	"1.1,1.1,1.1,1.1,1.1"	5	6	1	14	0
GaussianTest	913	77.623	-65811.3	20	5	15	gaussian	50	uniform	0	10	0.01	0.1	"1.1,1.1,1.1,1.1,1.1"	0	2	2	18	1
GaussianTest	914	700.465	4406.18	20	5	15	gaussian	50	uniform	0	10	0.01	0.1	"1.1,1.1,1.1,1.1,1.1"	3	3	2	17	0
GaussianTest	915	900.487	20427.2	20	5	15	gaussian	50	uniform	0	10	0.01	0.1	"1.1,1.1,1.1,1.1,1.1"	4	6	2	14	0
GaussianTest	916	1140.63	9121.7	20	5	15	gaussian	50	uniform	0	10	0.01	0.1	"1.1,1.1,1.1,1.1,1.1"	2	3	1	17	0
GaussianTest	917	39.9567	-38725.6	20	5	15	gaussian	50	uniform	0	10	0.01	0.1	"1.1,1.1,1.1,1.1,1.1"	0	1	1	19	1
GaussianTest	918	-103.701	-31901.9	20	5	15	gaussian	50	uniform	0	10	0.01	0.1	"1.1,1.1,1.1,1.1,1.1"	0	2	2	18	1
GaussianTest	919	201.081	-28912.7	20	5	15	gaussian	50	uniform	0	10	0.01	0.1	"1.1,1.1,1.1,1.1,1.1"	1	2	0	18	1
GaussianTest	920	1.06342	-39553.5	20	5	15	gaussian	50	uniform	0	10	0.01	0.1	"1.1,1.1,1.1,1.1,1.1"	1	5	4	15	1
GaussianTest	921	717.798	-19085	20	5	15	gaussian	50	uniform	0	10	0.01	0.1	"1.1,1.1,1.1,1.1,1.1"	2	4	2	16	1
GaussianTest	922	145.386	-47263.5	20	5	15	gaussian	50	uniform	0	10	0.01	0.1	"1.1,1.1,1.1,1.1,1.1"	1	2	1	18	1
GaussianTest	923	1026.87	17490.7	20	5	15	gaussian	50	uniform	0	10	0.01	0.1	"1.1,1.1,1.1,1.1,1.1"	1	1	0	19	0
GaussianTest	924	-711.506	-24299.8	20	5	15	gaussian	50	uniform	0	10	0.01	0.1	"1.1,1.1,1.1,1.1,1.1"	1	5	4	15	1
GaussianTest	925	-728.72	-74923.5	20	5	15	gaussian	50	uniform	0	10	0.01	0.1	"1.1,1.1,1.1,1.1,1.1"	0	0	1	20	1
GaussianTest	926	754.55	-13442.4	20	5	15	gaussian	50	uniform	0	10	0.01	0.1	"1.1,1.1,1.1,1.1,1.1"	0	1	1	19	1
GaussianTest	927	688.165	-42317	20	5	15	gaussian	50	uniform	0	10	0.01	0.1	"1.1,1.1,1.1,1.1,1.1"	1	1	0	19	1
GaussianTest	928	964.673	42276.4	20	5	15	gaussian	50	uniform	0	10	0.01	0.1	"1.1,1.1,1.1,1.1,1.1"	4	5	1	15	0
GaussianTest	929	1145.59	1069.77	20	5	15	gaussian	50	uniform	0	10	0.01	0.1	"1.1,1.1,1.1,1.1,1.1"	5	6	2	14	1
GaussianTest	930	1405.6	3630.83	20	5	15	gaussian	50	uniform	0	10	0.01	0.1	"1.1,1.1,1.1,1.1,1.1"	1	1	0	19	0
GaussianTest	931	-246.226	761.664	20	5	15	gaussian	50	uniform	0	10	0.01	0.1	"1.1,1.1,1.1,1.1,1.1"	1	2	1	18	0
GaussianTest	932	1883.9	13876.3	20	5	15	gaussian	50	uniform	0	10	0.01	0.1	"1.1,1.1,1.1,1.1,1.1"	2	2	0	18	0
GaussianTest	933	-1622.61	-59782.2	20	5	15	gaussian	50	uniform	0	10	0.01	0.1	"1.1,1.1,1.1,1.1,1.1"	0	2	1	18	1
GaussianTest	934	1000	-3658.59	20	5	15	gaussian	50	uniform	0	10	0.01	0.1	"1.1,1.1,1.1,1.1,1.1"	0	0	0	20	1
GaussianTest	935	2300.43	18580.7	20	5	15	gaussian	50	uniform	0	10	0.01	0.1	"1.1,1.1,1.1,1.1,1.1"	3	4	1	16	0
GaussianTest	936	1437.39	10758.8	20	5	15	gaussian	50	uniform	0	10	0.01	0.1	"1.1,1.1,1.1,1.1,1.1"	4	6	3	14	0
GaussianTest	937	-215.919	-11088.2	20	5	15	gaussian	50	uniform	0	10	0.01	0.1	"1.1,1.1,1.1,1.1,1.1"	1	4	3	16	1
GaussianTest	938	598.008	-11207.4	20	5	15	gaussian	50	uniform	0	10	0.01	0.1	"1.1,1.1,1.1,1.1,1.1"	2	4	3	16	1
GaussianTest	939	835.966	-26929.4	20	5	15	gaussian	50	uniform	0	10	0.01	0.1	"1.1,1.1,1.1,1.1,1.1"	1	2	1	18	1
GaussianTest	940	1574.16	2696.95	20	5	15	gaussian	50	uniform	0	10	0.01	0.1	"1.1,1.1,1.1,1.1,1.1"	3	3	0	17	0
GaussianTest	941	1220.44	13514.8	20	5	15	gaussian	50	uniform	0	10	0.01	0.1	"1.1,1.1,1.1,1.1,1.1"	1	1	0	19	0
GaussianTest	942	912.818	45397.6	20	5	15	gaussian	50	uniform	0	10	0.01	0.1	"1.1,1.1,1.1,1.1,1.1"	3	3	0	17	0
GaussianTest	943	793.043	-47206.9	20	5	15	gaussian	50	uniform	0	10	0.01	0.1	"1.1,1.1,1.1,1.1,1.1"	0	0	0	20	1
GaussianTest	944	1396.81	16964.7	20	5	15	gaussian	50	uniform	0	10	0.01	0.1	"1.1,1.1,1.1,1.1,1.1"	2	2	0	18	0
GaussianTest	945	1230.98	34228.8	20	5	15	gaussian	50	uniform	0	10	0.01	0.1	"1.1,1.1,1.1,1.1,1.1"	2	2	0	18	0
GaussianTest	946	4512.78	82732.6	20	5	15	gaussian	50	uniform	0	10	0.01	0.1	"1.1,1.1,1.1,1.1,1.1"	6	6	0	14	0
GaussianTest	947	237.621	-30498.3	20	5	15	gaussian	50	uniform	0	10	0.01	0.1	"1.1,1.1,1.1,1.1,1.1"	2	3	2	17	1
GaussianTest	948	331.312	2068.72	20	5	15	gaussian	50	uniform	0	10	0.01	0.1	"1.1,1.1,1.1,1.1,1.1"	1	3	3	17	0
GaussianTest	949	1587.73	17196.9	20	5	15	gaussian	50	uniform	0	10	0.01	0.1	"1.1,1.1,1.1,1.1,1.1"	1	1	0	19	0
GaussianTest	950	1571.84	70.76	20	5	15	gaussian	50	uniform	0	10	0.01	0.1	"1.1,1.1,1.1,1.1,1.1"	3	4	2	16	1
GaussianTest	951	1388.58	23898.2	20	5	15	gaussian	50	uniform	0	10	0.01	0.1	"1.1,1.1,1.1,1.1,1.1"	3	4	1	16	0
GaussianTest	952	1036.17	38478.3	20	5	15	gaussian	50	uniform	0	10	0.01	0.1	"1.1,1.1,1.1,1.1,1.1"	2	3	1	17	0
GaussianTest	953	-460.299	-9004.47	20	5	15	gaussian	50	uniform	0	10	0.01	0.1	"1.1,1.1,1.1,1.1,1.1"	3	4	2	16	1
GaussianTest	954	1129.53	17062.6	20	5	15	gaussian	50	uniform	0	10	0.01	0.1	"1.1,1.1,1.1,1.1,1.1"	2	4	2	16	0
GaussianTest	955	-595.278	-4411.87	20	5	15	gaussian	50	uniform	0	10	0.01	0.1	"1.1,1.1,1.1,1.1,1.1"	3	5	2	15	1
GaussianTest	956	2609.06	47175.2	20	5	15	gaussian	50	uniform	0	10	0.01	0.1	"1.1,1.1,1.1,1.1,1.1"	6	7	1	13	0
GaussianTest	957	2228.17	36885.8	20	5	15	gaussian	50	uniform	0	10	0.01	0.1	"1.1,1.1,1.1,1.1,1.1"	3	4	1	16	0
GaussianTest	958	2629.77	38640.5	20	5	15	gaussian	50	uniform	0	10	0.01	0.1	"1.1,1.1,1.1,1.1,1.1"	4	5	1	15	0
GaussianTest	959	1641.34	22602	20	5	15	gaussian	50	uniform	0	10	0.01	0.1	"1.1,1.1,1.1,1.1,1.1"	3	5	2	15	0
GaussianTest	960	494.74	-9243.23	20	5	15	gaussian	50	uniform	0	10	0.01	0.1	"1.1,1.1,1.1,1.1,1.1"	1	2	1	18	1
GaussianTest	961	765.609	32555.6	20	5	15	gaussian	50	uniform	0	10	0.01	0.1	"1.1,1.1,1.1,1.1,1.1"	2	3	1	17	0
GaussianTest	962	1729.01	21903.3	20	5	15	gaussian	50	uniform	0	10	0.01	0.1	"1.1,1.1,1.1,1.1,1.1"	1	1	0	19	0
GaussianTest	963	-440.082	-58122.8	20	5	15	gaussian	50	uniform	0	10	0.01	0.1	"1.1,1.1,1.1,1.1,1.1"	1	2	1	18	1
GaussianTest	964	421.256	676.446	20	5	15	gaussian	50	uniform	0	10	0.01	0.1	"1.1,1.1,1.1,1.1,1.1"	1	3	2	17	0
GaussianTest	965	813.272	-48601	20	5	15	gaussian	50	uniform	0	10	0.01	0.1	"1.1,1.1,1.1,1.1,1.1"	1	1	0	19	1
GaussianTest	966	203.481	-56486.2	20	5	15	gaussian	50	uniform	0	10	0.01	0.1	"1.1,1.1,1.1,1.1,1.1"	1	2	2	18	1
GaussianTest	967	459.861	-22382	20	5	15	gaussian	50	uniform	0	10	0.01	0.1	"1.1,1.1,1.1,1.1,1.1"	3	5	0	15	1
GaussianTest	968	820.77	1483.95	20	5	15	gaussian	50	uniform	0	10	0.01	0.1	"1.1,1.1,1.1,1.1,1.1"	2	3	1	17	0
GaussianTest	969	904.054	-45179.9	20	5	15	gaussian	50	uniform	0	10	0.01	0.1	"1.1,1.1,1.1,1.1,1.1"	1	1	0	19	1
GaussianTest	970	1159.26	32279.7	20	5	15	gaussian	50	uniform	0	10	0.01	0.1	"1.1,1.1,1.1,1.1,1.1"	2	3	1	17	0
GaussianTest	971	-314.553	-34970.6	20	5	15	gaussian	50	uniform	0	10	0.01	0.1	"1.1,1.1,1.1,1.1,1.1"	2	5	3	15	1
GaussianTest	972	1472.18	-946.047	20	5	15	gaussian	50	uniform	0	10	0.01	0.1	"1.1,1.1,1.1,1.1,1.1"	2	2	0	18	1
GaussianTest	973	1596.58	17413.4	20	5	15	gaussian	50	uniform	0	10	0.01	0.1	"1.1,1.1,1.1,1.1,1.1"	3	5	1	15	0
GaussianTest	974	1498.16	-760.91	20	5	15	gaussian	50	uniform	0	10	0.01	0.1	"1.1,1.1,1.1,1.1,1.1"	4	5	1	15	1
GaussianTest	975	1465.71	12821	20	5	15	gaussian	50	uniform	0	10	0.01	0.1	"1.1,1.1,1.1,1.1,1.1"	4	5	1	15	0
GaussianTest	976	1905.64	12982.7	20	5	15	gaussian	50	uniform	0	10	0.01	0.1	"1.1,1.1,1.1,1.1,1.1"	2	2	0	18	0
GaussianTest	977	466.815	9295.44	20	5	15	gaussian	50	uniform	0	10	0.01	0.1	"1.1,1.1,1.1,1.1,1.1"	2	3	1	17	0
GaussianTest	978	701.473	-23297	20	5	15	gaussian	50	uniform	0	10	0.01	0.1	"1.1,1.1,1.1,1.1,1.1"	1	1	0	19	1
GaussianTest	979	3786.31	91606.9	20	5	15	gaussian	50	uniform	0	10	0.01	0.1	"1.1,1.1,1.1,1.1,1.1"	6	7	0	13	0
GaussianTest	980	2618.29	10703.4	20	5	15	gaussian	50	uniform	0	10	0.01	0.1	"1.1,1.1,1.1,1.1,1.1"	5	5	0	15	0
GaussianTest	981	1859.41	62959.7	20	5	15	gaussian	50	uniform	0	10	0.01	0.1	"1.1,1.1,1.1,1.1,1.1"	4	5	1	15	0
GaussianTest	982	855.899	-13975.7	20	5	15	gaussian	50	uniform	0	10	0.01	0.1	"1.1,1.1,1.1,1.1,1.1"	0	0	0	20	1
GaussianTest	983	1193.29	27859.4	20	5	15	gaussian	50	uniform	0	10	0.01	0.1	"1.1,1.1,1.1,1.1,1.1"	4	5	1	15	0
GaussianTest	984	359.695	559.157	20	5	15	gaussian	50	uniform	0	10	0.01	0.1	"1.1,1.1,1.1,1.1,1.1"	2	3	1	17	0
GaussianTest	985	1278.88	-13572.2	20	5	15	gaussian	50	uniform	0	10	0.01	0.1	"1.1,1.1,1.1,1.1,1.1"	2	2	1	18	1
GaussianTest	986	1874.08	54112.1	20	5	15	gaussian	50	uniform	0	10	0.01	0.1	"1.1,1.1,1.1,1.1,1.1"	4	4	0	16	0
GaussianTest	987	488.933	-15919.2	20	5	15	gaussian	50	uniform	0	10	0.01	0.1	"1.1,1.1,1.1,1.1,1.1"	2	3	1	17	1
GaussianTest	988	2171.93	52394	20	5	15	gaussian	50	uniform	0	10	0.01	0.1	"1.1,1.1,1.1,1.1,1.1"	2	2	0	18	0
GaussianTest	989	-763.226	-1586.51	20	5	15	gaussian	50	uniform	0	10	0.01	0.1	"1.1,1.1,1.1,1.1,1.1"	2	4	2	16	1
GaussianTest	990	1.96029	-17041.2	20	5	15	gaussian	50	uniform	0	10	0.01	0.1	"1.1,1.1,1.1,1.1,1.1"	1	3	2	17	1
GaussianTest	991	-996.808	-67633	20	5	15	gaussian	50	uniform	0	10	0.01	0.1	"1.1,1.1,1.1,1.1,1.1"	1	3	2	17	1
GaussianTest	992	656.884	8927.81	20	5	15	gaussian	50	uniform	0	10	0.01	0.1	"1.1,1.1,1.1,1.1,1.1"	3	4	1	16	0
GaussianTest	993	-51.9653	-45735.2	20	5	15	gaussian	50	uniform	0	10	0.01	0.1	"1.1,1.1,1.1,1.1,1.1"	1	2	1	18	1
GaussianTest	994	986.584	43671.5	20	5	15	gaussian	50	uniform	0	10	0.01	0.1	"1.1,1.1,1.1,1.1,1.1"	3	3	1	17	0
GaussianTest	995	2084.15	82402.3	20	5	15	gaussian	50	uniform	0	10	0.01	0.1	"1.1,1.1,1.1,1.1,1.1"	5	6	0	14	0
GaussianTest	996	799.877	27842.5	20	5	15	gaussian	50	uniform	0	10	0.01	0.1	"1.1,1.1,1.1,1.1,1.1"	3	4	1	16	0
GaussianTest	997	2538.99	57659.9	20	5	15	gaussian	50	uniform	0	10	0.01	0.1	"1.1,1.1,1.1,1.1,1.1"	5	5	0	15	0
GaussianTest	998	190.559	10370.7	20	5	15	gaussian	50	uniform	0	10	0.01	0.1	"1.1,1.1,1.1,1.1,1.1"	5	7	2	13	0
GaussianTest	999	807.983	28349.7	20	5	15	gaussian	50	uniform	0	10	0.01	0.1	"1.1,1.1,1.1,1.1,1.1"	4	5	1	15	0
GaussianTest	1000	722.387	-37512.3	20	5	15	gaussian	50	uniform	0	10	0.01	0.1	"1.1,1.1,1.1,1.1,1.1"	0	1	1	19	1
GaussianTest	1001	-528.257	-42237.4	20	5	15	gaussian	50	uniform	0	10	0.01	0.1	"1.1,1.1,1.1,1.1,1.1"	2	4	1	16	1
GaussianTest	1002	1289.7	720.128	20	5	15	gaussian	50	uniform	0	10	0.01	0.1	"1.1,1.1,1.1,1.1,1.1"	3	4	1	16	1
GaussianTest	1003	3005.61	63301.5	20	5	15	gaussian	50	uniform	0	10	0.01	0.1	"1.1,1.1,1.1,1.1,1.1"	6	6	0	14	0
GaussianTest	1004	1083.02	15565.2	20	5	15	gaussian	50	uniform	0	10	0.01	0.1	"1.1,1.1,1.1,1.1,1.1"	4	5	1	15	0
GaussianTest	1005	804.152	17253.9	20	5	15	gaussian	50	uniform	0	10	0.01	0.1	"1.1,1.1,1.1,1.1,1.1"	3	4	1	16	0
GaussianTest	1006	-338.354	-44288.5	20	5	15	gaussian	50	uniform	0	10	0.01	0.1	"1.1,1.1,1.1,1.1,1.1"	3	5	4	15	1
GaussianTest	1007	382.359	-9245.68	20	5	15	gaussian	50	uniform	0	10	0.01	0.1	"1.1,1.1,1.1,1.1,1.1"	2	3	2	17	1
GaussianTest	1008	1685.19	45726.8	20	5	15	gaussian	50	uniform	0	10	0.01	0.1	"1.1,1.1,1.1,1.1,1.1"	2	2	0	18	0
GaussianTest	1009	1970.06	31756.6	20	5	15	gaussian	50	uniform	0	10	0.01	0.1	"1.1,1.1,1.1,1.1,1.1"	4	5	1	15	0
